Time,Temperature,DAC,Error,Integral
0.0004677772521972656,304.95682689283086,0,5.203423107169158,0.002427839999372969
1.0809907913208008,305.021205762396,0,5.1390442376040255,5.5552834090471634
2.1622300148010254,305.08563352236547,0,5.0746164776345495,11.042157788784696
3.2435033321380615,305.1501104288015,0,5.010139571198522,16.45948802325608
4.32467246055603,305.1501104288015,0,5.010139571198522,21.87629625670116
5.406341552734375,305.214636738599,0,4.945613261401036,27.225813263426
6.487714767456055,305.2792127094919,0,4.881037290508118,32.50403624943916
7.570011377334595,305.34383860005977,0,4.81641139994025,37.71682197937485
8.651383876800537,305.34383860005977,0,4.81641139994025,42.9251568133845
9.732460975646973,305.4085146697335,0,4.751735330266513,48.06214905871513
10.813541889190674,305.47324117880254,0,4.68700882119748,53.12918483692269
11.8949556350708,305.53801838842077,0,4.622231611579252,58.127729638326144
12.976033449172974,305.60284656061316,0,4.55740343938686,63.054637386560216
14.05739688873291,305.60284656061316,0,4.55740343938686,67.98284684523787
15.138388872146606,305.6677259582825,0,4.492524041717502,72.83922931962779
16.21973991394043,305.7326568452158,0,4.427593154784233,77.62701179019292
17.301755905151367,305.79763948609093,0,4.36261051390909,82.34742612966753
18.38386034965515,305.86267414648324,0,4.297575853516776,86.99785206135017
19.465101718902588,305.86267414648324,0,4.297575853516776,91.64456886165138
20.546583652496338,305.92776109287246,0,4.232488907127561,96.22192914884579
21.62845540046692,305.9929005926494,0,4.167349407350628,100.73046673658038
22.709836721420288,306.0580929141225,0,4.102157085877536,105.16646278486486
23.791048765182495,306.0580929141225,0,4.102157085877536,109.60176443152014
24.87211799621582,306.123338326525,0,4.036911673475004,113.96594543011321
25.95361042022705,306.1886371000217,0,3.971612899978311,118.26121469254502
27.035851001739502,306.1886371000217,0,3.971612899978311,122.55945534695991
28.116830348968506,306.25398950571594,0,3.9062604942840835,126.78204226617757
29.198114156723022,306.3193958156564,0,3.840854184343641,130.93509570365453
30.279667377471924,306.3193958156564,0,3.840854184343641,135.0891839171583
31.36187982559204,306.3848563028443,0,3.775393697155721,139.17496197277444
32.442981481552124,306.4503712412407,0,3.7098787587593165,143.18571804228029
33.524253368377686,306.4503712412407,0,3.7098787587593165,147.19710564765805
34.60564351081848,306.515940905773,0,3.644309094227026,150.0
35.68675684928894,306.58156557234264,0,3.578684427657379,150.0
36.768004417419434,306.58156557234264,0,3.578684427657379,150.0
37.84947657585144,306.6472455178323,0,3.51300448216773,150.0
38.93072485923767,306.71298102011275,0,3.4472689798872693,150.0
40.01181149482727,306.71298102011275,0,3.4472689798872693,150.0
41.093417167663574,306.77877235805073,0,3.3814776419492887,150.0
42.174397706985474,306.8446198115158,0,3.3156301884841923,150.0
43.25585651397705,306.8446198115158,0,3.3156301884841923,150.0
44.33778429031372,306.91052366138814,0,3.249726338611879,150.0
45.419172525405884,306.91052366138814,0,3.249726338611879,150.0
46.50036001205444,306.9764841895658,0,3.183765810434238,150.0
47.58119487762451,307.0425016789722,0,3.1177483210278183,150.0
48.6629843711853,307.0425016789722,0,3.1177483210278183,150.0
49.74413347244263,307.108576413564,0,3.0516735864360385,150.0
50.82538986206055,307.108576413564,0,3.0516735864360385,150.0
51.90646314620972,307.17470867833833,0,2.9855413216616853,150.0
52.98795032501221,307.2408987593408,0,2.919351240659239,150.0
54.069135427474976,307.2408987593408,0,2.919351240659239,150.0
55.150553464889526,307.3071469436728,0,2.8531030563271997,150.0
56.2316620349884,307.3071469436728,0,2.8531030563271997,150.0
57.313854455947876,307.3734535195,0,2.7867964805000156,150.0
58.39509630203247,307.4398187760593,0,2.720431223940693,150.0
59.47611904144287,307.4398187760593,0,2.720431223940693,150.0
60.55739450454712,307.50624300366746,0,2.654006996332555,150.0
61.638866901397705,307.50624300366746,0,2.654006996332555,150.0
62.720009088516235,307.5727264937286,0,2.5875235062713955,150.0
63.80123972892761,307.5727264937286,0,2.5875235062713955,150.0
64.8824896812439,307.63926953874255,0,2.5209804612574658,150.0
65.96374249458313,307.7058724323125,0,2.4543775676875157,150.0
67.04495286941528,307.7058724323125,0,2.4543775676875157,150.0
68.12643313407898,307.7725354691535,0,2.3877145308464947,150.0
69.20750093460083,307.7725354691535,0,2.3877145308464947,150.0
70.28855800628662,307.83925894510037,0,2.3209910548996504,150.0
71.37073087692261,307.83925894510037,0,2.3209910548996504,150.0
72.45275568962097,307.90604315711613,0,2.254206842883889,150.0
73.53391885757446,307.90604315711613,0,2.254206842883889,150.0
74.61503005027771,307.97288840330015,0,2.1873615966998727,150.0
75.6953501701355,307.97288840330015,0,2.1873615966998727,150.0
76.77590322494507,308.0397949828966,0,2.1204550171034384,150.0
77.85734438896179,308.0397949828966,0,2.1204550171034384,150.0
78.9384593963623,308.1067631963028,0,2.05348680369724,150.0
80.01920557022095,308.1067631963028,0,2.05348680369724,150.0
81.10016298294067,308.1737933450776,0,1.9864566549223923,150.0
82.18118834495544,308.1737933450776,0,1.9864566549223923,150.0
83.26246285438538,308.2408857319503,0,1.9193642680497192,150.0
84.34304094314575,308.30804066082874,0,1.8522093391712815,150.0
85.42465138435364,308.30804066082874,0,1.8522093391712815,150.0
86.50685477256775,308.3752584368082,0,1.7849915631917952,150.0
87.58792424201965,308.3752584368082,0,1.7849915631917952,150.0
88.66958141326904,308.44253936618026,0,1.7177106338197632,150.0
89.75183987617493,308.44253936618026,0,1.7177106338197632,150.0
90.83299851417542,308.5098837564413,0,1.6503662435587216,150.0
91.91380000114441,308.5098837564413,0,1.6503662435587216,150.0
92.99547290802002,308.57729191630153,0,1.582958083698486,150.0
94.07671737670898,308.57729191630153,0,1.582958083698486,150.0
95.15774631500244,308.6447641556939,0,1.515485844306113,150.0
96.23945188522339,308.6447641556939,0,1.515485844306113,150.0
97.31989741325378,308.71230078578304,0,1.447949214216976,150.0
98.40131521224976,308.71230078578304,0,1.447949214216976,150.0
99.48193645477295,308.71230078578304,0,1.447949214216976,150.0
100.56313228607178,308.77990211897423,0,1.3803478810257843,150.0
101.64387106895447,308.77990211897423,0,1.3803478810257843,150.0
102.7254478931427,308.84756846892265,0,1.3126815310773736,150.0
103.8068380355835,308.84756846892265,0,1.3126815310773736,150.0
104.88803386688232,308.9153001505425,0,1.2449498494574982,150.0
105.96982717514038,308.9153001505425,0,1.2449498494574982,150.0
107.05099964141846,308.9153001505425,0,1.2449498494574982,150.0
108.13235092163086,308.98309748001645,0,1.177152519983565,150.0
109.2135660648346,308.98309748001645,0,1.177152519983565,150.0
110.29574012756348,309.05096077480437,0,1.1092892251956528,150.0
111.37722158432007,309.05096077480437,0,1.1092892251956528,150.0
112.45831298828125,309.11889035365334,0,1.0413596463466774,150.0
113.53931593894958,309.11889035365334,0,1.0413596463466774,150.0
114.6208324432373,309.11889035365334,0,1.0413596463466774,150.0
115.70199203491211,309.18688653660695,0,0.9733634633930706,150.0
116.78315162658691,309.18688653660695,0,0.9733634633930706,150.0
117.86444163322449,309.18688653660695,0,0.9733634633930706,150.0
118.9457139968872,309.25494964501473,0,0.905300354985286,150.0
120.02698826789856,309.25494964501473,0,0.905300354985286,150.0
121.10815405845642,309.32308000154165,0,0.8371699984583643,150.0
122.18942046165466,309.32308000154165,0,0.8371699984583643,150.0
123.27090907096863,309.32308000154165,0,0.8371699984583643,150.0
124.35213375091553,309.39127793017803,0,0.7689720698219844,150.0
125.43342089653015,309.39127793017803,0,0.7689720698219844,150.0
126.51391363143921,309.45954375624933,0,0.7007062437506875,150.0
127.59512662887573,309.45954375624933,0,0.7007062437506875,150.0
128.67538452148438,309.45954375624933,0,0.7007062437506875,150.0
129.75634050369263,309.5278778064255,0,0.632372193574497,150.0
130.8372552394867,309.5278778064255,0,0.632372193574497,150.0
131.91871309280396,309.5278778064255,0,0.632372193574497,150.0
133.0002086162567,309.5962804087315,0,0.563969591268517,150.0
134.08092761039734,309.5962804087315,0,0.563969591268517,150.0
135.1620180606842,309.6647518925569,0,0.4954981074430975,150.0
136.24385023117065,309.6647518925569,0,0.4954981074430975,150.0
137.3258833885193,309.6647518925569,0,0.4954981074430975,150.0
138.40690636634827,309.733292588666,0,0.42695741133400134,150.0
139.4892635345459,309.733292588666,0,0.42695741133400134,150.0
140.57015681266785,309.733292588666,0,0.42695741133400134,150.0
141.65094685554504,309.80190282920796,0,0.358347170792058,150.0
142.7320191860199,309.80190282920796,0,0.358347170792058,150.0
143.81334972381592,309.80190282920796,0,0.358347170792058,150.0
144.89446926116943,309.87058294772703,0,0.28966705227298917,150.0
145.9760913848877,309.87058294772703,0,0.28966705227298917,150.0
147.05753087997437,309.87058294772703,0,0.28966705227298917,150.0
148.1395025253296,309.9393332791728,0,0.22091672082723335,150.0
149.22171068191528,309.9393332791728,0,0.22091672082723335,150.0
150.30277490615845,309.9393332791728,0,0.22091672082723335,150.0
151.38427019119263,310.0081541599106,0,0.1520958400894301,150.0
152.46541261672974,310.0081541599106,0,0.1520958400894301,150.0
153.54578471183777,310.0081541599106,0,0.1520958400894301,150.0
154.6272099018097,310.0770459277319,0,0.08320407226813131,150.0
155.70836544036865,310.0770459277319,0,0.08320407226813131,150.0
156.78914713859558,310.0770459277319,0,0.08320407226813131,150.0
157.87024807929993,310.1460089218649,0,0.0,150.0
158.95162320137024,310.1460089218649,0,0.0,150.0
160.03290367126465,310.1460089218649,0,0.0,150.0
161.1141562461853,310.21504348298504,0,0.0,150.0
162.19524025917053,310.21504348298504,0,0.0,150.0
163.27667045593262,310.21504348298504,0,0.0,150.0
164.35747146606445,310.2841499532258,0,-0.12389995322575942,149.8660888053983
165.43812537193298,310.2841499532258,0,-0.12389995322575942,149.73219583700796
166.51923847198486,310.2841499532258,0,-0.12389995322575942,149.59824597447977
167.60029554367065,310.2841499532258,0,-0.12389995322575942,149.46430305386352
168.6814022064209,310.35332867618934,0,-0.19307867618931596,149.25556441060024
169.76257944107056,310.35332867618934,0,-0.19307867618931596,149.04681214140805
170.84494996070862,310.35332867618934,0,-0.19307867618931596,148.83782947433
171.9266357421875,310.4225799969575,0,-0.26232999695747594,148.55407084656568
173.0088655948639,310.4225799969575,0,-0.26232999695747594,148.2701694926058
174.09022784233093,310.4225799969575,0,-0.26232999695747594,147.98649573751783
175.1712930202484,310.49190426210265,0,-0.3316542621026315,147.62795586365075
176.25257420539856,310.49190426210265,0,-0.3316542621026315,147.26934435006433
177.3344283103943,310.49190426210265,0,-0.3316542621026315,146.91054282516927
178.41551756858826,310.49190426210265,0,-0.3316542621026315,146.55199496497588
179.49763250350952,310.56130181969877,0,-0.4010518196987505,146.1180108012025
180.57925295829773,310.56130181969877,0,-0.4010518196987505,145.6842249495863
181.66001677513123,310.56130181969877,0,-0.4010518196987505,145.25078265418068
182.74179887771606,310.6307730193325,0,-0.470523019332461,144.74177927301264
183.82383942604065,310.6307730193325,0,-0.470523019332461,144.2326542871748
184.90511512756348,310.6307730193325,0,-0.470523019332461,143.72388917936345
185.98609232902527,310.6307730193325,0,-0.470523019332461,143.21526452270209
187.06742191314697,310.7003182121143,0,-0.5400682121143063,142.63127278749917
188.14881682395935,310.7003182121143,0,-0.5400682121143063,142.0472457714272
189.2302384376526,310.7003182121143,0,-0.5400682121143063,141.46320433397813
190.31133484840393,310.7699377506901,0,-0.6096877506900569,140.80407309502806
191.3923361301422,310.7699377506901,0,-0.6096877506900569,140.14499985507197
192.4736189842224,310.7699377506901,0,-0.6096877506900569,139.4857549439081
193.5550081729889,310.7699377506901,0,-0.6096877506900569,138.82644520178852
194.63601636886597,310.83963198925204,0,-0.6793819892520219,138.09202770327582
195.71763825416565,310.83963198925204,0,-0.6793819892520219,137.3571932752224
196.79941940307617,310.83963198925204,0,-0.6793819892520219,136.6222506463402
197.8798806667328,310.90940128355066,0,-0.7491512835506455,135.8128217038451
198.96127128601074,310.90940128355066,0,-0.7491512835506455,135.0026965333934
200.04219436645508,310.90940128355066,0,-0.7491512835506455,134.192921620259
201.1236433982849,310.90940128355066,0,-0.7491512835506455,133.38275268996907
202.20472359657288,310.97924599090595,0,-0.8189959909059326,132.49735234172343
203.2861602306366,310.97924599090595,0,-0.8189959909059326,131.61166007400644
204.36733865737915,310.97924599090595,0,-0.8189959909059326,130.7261792770503
205.44845724105835,310.97924599090595,0,-0.8189959909059326,129.84074749132313
206.5298798084259,311.0491664702192,0,-0.8889164702191579,128.87945315992343
207.6112506389618,311.0491664702192,0,-0.8889164702191579,127.91820481824551
208.69210243225098,311.0491664702192,0,-0.8889164702191579,126.95741785732484
209.77372479438782,311.0491664702192,0,-0.8889164702191579,125.99594592506405
210.85498189926147,311.1191630819846,0,-0.9589130819845764,124.95911434221193
211.9366238117218,311.1191630819846,0,-0.9589130819845764,123.9219137623309
213.01865792274475,311.1191630819846,0,-0.9589130819845764,122.88433709811744
214.10015201568604,311.1191630819846,0,-0.9589130819845764,121.84727826430701
215.18121004104614,311.1191630819846,0,-0.9589130819845764,120.81063758140479
216.26245975494385,311.1892361883015,0,-1.0289861883014737,119.69804655969914
217.3442165851593,311.1892361883015,0,-1.0289861883014737,118.58493372230666
218.4246506690979,311.1892361883015,0,-1.0289861883014737,117.47318197256368
219.50586938858032,311.1892361883015,0,-1.0289861883014737,116.36062284368326
220.5872266292572,311.2593861528858,0,-1.0991361528857624,115.17206400627052
221.66867780685425,311.2593861528858,0,-1.0991361528857624,113.98340191939272
222.74981546401978,311.2593861528858,0,-1.0991361528857624,112.79508443415588
223.83087754249573,311.2593861528858,0,-1.0991361528857624,111.60685002018914
224.91264724731445,311.3296133410824,0,-1.1693633410823736,110.34186818388062
225.99468541145325,311.3296133410824,0,-1.1693633410823736,109.07657242108465
227.07586884498596,311.3296133410824,0,-1.1693633410823736,107.81227614892592
228.15696907043457,311.3296133410824,0,-1.1693633410823736,106.54807717725042
229.23833513259888,311.3999181198772,0,-1.2396681198771944,105.20754214406819
230.31977033615112,311.3999181198772,0,-1.2396681198771944,103.86692139851156
231.4010031223297,311.3999181198772,0,-1.2396681198771944,102.52655158331997
232.4822597503662,311.3999181198772,0,-1.2396681198771944,101.18615221213722
233.56336212158203,311.3999181198772,0,-1.2396681198771944,99.84594406821732
234.644681930542,311.4703008579093,0,-1.3100508579092889,98.42936012481502
235.72575163841248,311.4703008579093,0,-1.3100508579092889,97.01310382655954
236.8073389530182,311.4703008579093,0,-1.3100508579092889,95.59616943715652
237.88872623443604,311.4703008579093,0,-1.3100508579092889,94.17949710140287
238.9706346988678,311.4703008579093,0,-1.3100508579092889,92.76214198939472
240.05149745941162,311.5407619254833,0,-1.3805119254832903,91.26999805865319
241.13258981704712,311.5407619254833,1326,-1.3805119254832903,89.77753716638854
242.2140486240387,311.5407619254833,2809,-1.3805119254832903,88.28457038641774
243.29535555839539,311.5407619254833,4291,-1.3805119254832903,86.79181326843056
244.37544465065002,311.5407619254833,5772,-1.3805119254832903,85.3007373959886
245.4557433128357,311.6113016945819,11951,-1.4510516945819063,83.73316819156952
246.53685331344604,311.6113016945819,13509,-1.4510516945819063,82.16442169315442
247.61802506446838,311.6113016945819,15066,-1.4510516945819063,80.59558559169938
248.69823670387268,311.6113016945819,16623,-1.4510516945819063,79.02814266183466
249.77865743637085,311.6113016945819,18180,-1.4510516945819063,77.46039632708177
250.85929775238037,311.6819205388783,24440,-1.5216705388782543,75.816017795086
251.939523935318,311.6819205388783,26072,-1.5216705388782543,74.17226943718491
253.0202293395996,311.6819205388783,27705,-1.5216705388782543,72.52779186228307
254.10060834884644,311.6819205388783,29338,-1.5216705388782543,70.8838109530897
255.18182849884033,311.6819205388783,30971,-1.5216705388782543,69.23855010480246
256.2625641822815,311.7526188337488,37313,-1.5923688337487647,67.51762028497058
258.3911876678467,311.7526188337488,40679,-1.5923688337487647,64.12806658777092
259.47248816490173,311.7526188337488,42389,-1.5923688337487647,62.4062373763434
260.5527501106262,311.7526188337488,44097,-1.5923688337487647,60.68606192168693
261.6329972743988,311.7526188337488,45805,-1.5923688337487647,58.96591000534997
262.71431159973145,311.7526188337488,47515,-1.5923688337487647,57.2440587742042
263.7955331802368,311.7526188337488,49224,-1.5923688337487647,55.522355227030864
264.87578535079956,311.7526188337488,50932,-1.5923688337487647,53.80219533803729
265.9559280872345,311.7526188337488,52640,-1.5923688337487647,52.082209708538194
267.03623390197754,311.7526188337488,54348,-1.5923688337487647,50.361964398223805
268.1174511909485,311.6819205388783,51349,-1.5216705388782543,48.7167079034709
269.19821071624756,311.6819205388783,52982,-1.5216705388782543,47.072147974211255
270.2790768146515,311.6113016945819,49911,-1.4510516945819063,45.5037553905061
271.3602845668793,311.6113016945819,51469,-1.4510516945819063,43.93486704944088
272.4415457248688,311.5407619254833,48328,-1.3805119254832903,42.442173126274504
273.52273893356323,311.4703008579093,45117,-1.3100508579092889,41.025755035658634
274.6031229496002,311.3999181198772,41834,-1.2396681198771944,39.68643741375269
275.68427872657776,311.3999181198772,43165,-1.2396681198771944,38.34616306441258
276.7655773162842,311.3296133410824,39813,-1.1693633410823736,37.08173213284582
277.8472967147827,311.2593861528858,36391,-1.0991361528857624,35.89277523467824
278.9284772872925,311.1892361883015,32899,-1.0289861883014737,34.78025535850581
280.01047921180725,311.1191630819846,29337,-0.9589130819845764,33.74270955835611
281.091650724411,311.1191630819846,30366,-0.9589130819845764,32.70596005105131
282.1728687286377,311.0491664702192,26733,-0.8889164702191579,31.744847559196728
283.2539451122284,310.97924599090595,23030,-0.8189959909059326,30.859450335172863
284.3359830379486,310.97924599090595,23910,-0.8189959909059326,29.973265611999835
285.41743206977844,310.97924599090595,24790,-0.8189959909059326,29.0875631905621
286.4989380836487,310.90940128355066,21017,-0.7491512835506455,28.27735157210347
287.58099269866943,310.90940128355066,21822,-0.7491512835506455,27.466728968388775
288.6631062030792,310.90940128355066,22627,-0.7491512835506455,26.656062247612695
289.7446255683899,310.90940128355066,23431,-0.7491512835506455,25.84584062690533
290.8257291316986,310.90940128355066,24236,-0.7491512835506455,25.035930504801428
291.90686106681824,310.90940128355066,25040,-0.7491512835506455,24.225999127918964
292.98923563957214,310.90940128355066,25845,-0.7491512835506455,23.415136827457793
294.07044315338135,310.90940128355066,26649,-0.7491512835506455,22.605148830703026
295.1516115665436,310.90940128355066,27453,-0.7491512835506455,21.795190126248126
296.23271441459656,310.97924599090595,32910,-0.8189959909059326,20.909771227935753
297.3141565322876,310.97924599090595,33789,-0.8189959909059326,20.02407446914997
298.39493775367737,310.97924599090595,34668,-0.8189959909059326,19.13891898178533
299.4768273830414,310.97924599090595,35548,-0.8189959909059326,18.2528557127335
300.5575830936432,310.97924599090595,36427,-0.8189959909059326,17.367721118601928
301.6390607357025,310.97924599090595,37307,-0.8189959909059326,16.481995265500938
302.720822095871,311.0491664702192,42844,-0.8889164702191579,15.520399775600518
303.80206990242004,311.0491664702192,43798,-0.8889164702191579,14.55926079197071
304.88311886787415,311.0491664702192,44752,-0.8889164702191579,13.598298561465178
305.9644937515259,311.0491664702192,45707,-0.8889164702191579,12.637046616905828
307.0459659099579,311.0491664702192,46661,-0.8889164702191579,11.675708203192155
308.12827229499817,311.0491664702192,47616,-0.8889164702191579,10.71362823170649
309.2098717689514,311.0491664702192,48571,-0.8889164702191579,9.752176645129072
310.29156255722046,311.0491664702192,49526,-0.8889164702191579,8.790643887752376
311.37254524230957,311.0491664702192,50480,-0.8889164702191579,7.829740574954935
312.4533591270447,311.0491664702192,51434,-0.8889164702191579,6.868987311572348
313.53481435775757,310.97924599090595,47731,-0.8189959909059326,5.98327981327424
314.61531138420105,310.97924599090595,48610,-0.8189959909059326,5.0983570804312475
315.696133852005,310.90940128355066,44837,-0.7491512835506455,4.288657541385538
316.7775065898895,310.90940128355066,45641,-0.7491512835506455,3.478545766802673
317.85835003852844,310.83963198925204,41798,-0.6793819892520219,2.7442401945963506
318.9394369125366,310.7699377506901,37885,-0.6096877506900569,2.085114770081759
320.02112340927124,310.7699377506901,38540,-0.6096877506900569,1.4256237629358217
321.1025047302246,310.7003182121143,34557,-0.5400682121143063,0.8416040863147288
322.1831090450287,310.6307730193325,30504,-0.470523019332461,0.3331548814094293
323.2646837234497,310.6307730193325,31010,-0.470523019332461,-0.17575090191476483
324.34587049484253,310.56130181969877,26888,-0.4010518196987505,-0.6093628240160731
325.4275188446045,310.56130181969877,27318,-0.4010518196987505,-1.0431598629622587
326.5087239742279,310.56130181969877,27749,-0.4010518196987505,-1.476779147665352
327.5899078845978,310.49190426210265,23557,-0.3316542621026315,-1.8353583996563099
328.67157888412476,310.49190426210265,23913,-0.3316542621026315,-2.1940991968422456
329.75205087661743,310.49190426210265,24269,-0.3316542621026315,-2.552442338234964
330.8336765766144,310.49190426210265,24625,-0.3316542621026315,-2.9111681116386943
331.91493940353394,310.49190426210265,24981,-0.3316542621026315,-3.269773536639705
332.99692606925964,310.49190426210265,25338,-0.3316542621026315,-3.6286190258658513
334.07807993888855,310.49190426210265,25694,-0.3316542621026315,-3.987188314717031
335.1591761112213,310.56130181969877,30672,-0.4010518196987505,-4.42076390190044
336.24084758758545,310.56130181969877,31103,-0.4010518196987505,-4.85457021581251
337.3217873573303,310.56130181969877,31533,-0.4010518196987505,-5.2880830774534395
338.4031846523285,310.56130181969877,31964,-0.4010518196987505,-5.721779430429762
339.4848258495331,310.6307730193325,37022,-0.470523019332461,-6.230716512372843
340.5662717819214,310.6307730193325,37527,-0.470523019332461,-6.739561717724997
341.6474144458771,310.6307730193325,38032,-0.470523019332461,-7.248264228298567
342.72853112220764,310.6307730193325,38538,-0.470523019332461,-7.756954511096301
343.8098089694977,310.7003182121143,43675,-0.5400682121143063,-8.340918304881038
344.89129662513733,310.7003182121143,44255,-0.5400682121143063,-8.924995409486035
345.97338581085205,310.7003182121143,44835,-0.5400682121143063,-9.509397381363211
347.05430912971497,310.7003182121143,45415,-0.5400682121143063,-10.093169705614168
348.13586831092834,310.7699377506901,50632,-0.6096877506900569,-10.752583090046333
349.2177243232727,310.7699377506901,51287,-0.6096877506900569,-11.41217744878308
350.2986783981323,310.7699377506901,51942,-0.6096877506900569,-12.071221907283492
351.3799319267273,310.7699377506901,52596,-0.6096877506900569,-12.730448939058247
352.46158480644226,310.7003182121143,48614,-0.5400682121143063,-13.3146152759342
353.54311203956604,310.7003182121143,49194,-0.5400682121143063,-13.898713755080292
354.6253216266632,310.7003182121143,49774,-0.5400682121143063,-14.483180751916821
355.7067971229553,310.6307730193325,45722,-0.470523019332461,-14.992039867766259
356.78783988952637,310.56130181969877,41599,-0.4010518196987505,-15.425594036471749
357.8693070411682,310.56130181969877,42030,-0.4010518196987505,-15.859318405582135
358.9500913619995,310.49190426210265,37838,-0.3316542621026315,-16.217765131999535
360.03155279159546,310.49190426210265,38194,-0.3316542621026315,-16.576436424424635
361.11273097991943,310.4225799969575,33933,-0.26232999695747594,-16.860061895278154
362.1943883895874,310.35332867618934,29602,-0.19307867618931596,-17.06890687602721
363.2753896713257,310.35332867618934,29809,-0.19307867618931596,-17.27762517246419
364.3561849594116,310.2841499532258,25408,-0.12389995322575942,-17.41153565810466
365.4374063014984,310.2841499532258,25541,-0.12389995322575942,-17.545498931815906
366.5190603733063,310.2841499532258,25674,-0.12389995322575942,-17.679515820719352
367.6001167297363,310.2841499532258,25807,-0.12389995322575942,-17.813458652715447
368.68129658699036,310.2841499532258,25940,-0.12389995322575942,-17.947416786457854
369.76228070259094,310.2841499532258,26073,-0.12389995322575942,-18.081350667818555
370.84349942207336,310.2841499532258,26206,-0.12389995322575942,-18.215313616589242
371.9250786304474,310.2841499532258,26339,-0.12389995322575942,-18.349321229916736
373.00728726387024,310.2841499532258,26472,-0.12389995322575942,-18.48340682897834
374.088716506958,310.2841499532258,26606,-0.12389995322575942,-18.617395861613883
375.1699938774109,310.2841499532258,26739,-0.12389995322575942,-18.751366077237066
376.25159525871277,310.35332867618934,31480,-0.19307867618931596,-18.96020024010337
377.33269357681274,310.35332867618934,31687,-0.19307867618931596,-19.168937272192608
378.41386675834656,310.35332867618934,31894,-0.19307867618931596,-19.377688758814546
379.49611830711365,310.4225799969575,36714,-0.26232999695747594,-19.66159580430984
380.5772821903229,310.4225799969575,36996,-0.26232999695747594,-19.94521752250265
381.65824484825134,310.4225799969575,37278,-0.26232999695747594,-20.228786453268167
382.73968863487244,310.49190426210265,42177,-0.3316542621026315,-20.58745189432546
383.8208785057068,310.49190426210265,42533,-0.3316542621026315,-20.94603312312987
384.9017584323883,310.49190426210265,42889,-0.3316542621026315,-21.304511557634974
385.98295307159424,310.56130181969877,47867,-0.4010518196987505,-21.738126635137046
387.0639853477478,310.56130181969877,48298,-0.4010518196987505,-22.171676596641515
388.1454813480377,310.56130181969877,48729,-0.4010518196987505,-22.605412535554706
389.22674441337585,310.56130181969877,49159,-0.4010518196987505,-23.039055055481615
390.30777621269226,310.56130181969877,49590,-0.4010518196987505,-23.472604825749674
391.3879976272583,310.56130181969877,50020,-0.4010518196987505,-23.905829589738943
392.4693796634674,310.56130181969877,50450,-0.4010518196987505,-24.339519823150145
393.550341129303,310.49190426210265,46258,-0.3316542621026315,-24.698025300463218
394.63194823265076,310.49190426210265,46615,-0.3316542621026315,-25.05674490620899
395.7133388519287,310.49190426210265,46971,-0.3316542621026315,-25.415392714090327
396.7941725254059,310.4225799969575,42709,-0.26232999695747594,-25.69892780836513
397.8753294944763,310.35332867618934,38378,-0.19307867618931596,-25.907676164706103
398.95711612701416,310.35332867618934,38585,-0.19307867618931596,-26.116546095635808
400.0380735397339,310.2841499532258,34185,-0.12389995322575942,-26.25047666851082
401.11963748931885,310.2841499532258,34318,-0.12389995322575942,-26.384482391275064
402.20069670677185,310.21504348298504,26198,0.0,-26.384482391275064
403.2813370227814,310.21504348298504,26198,0.0,-26.384482391275064
404.36283254623413,310.21504348298504,26198,0.0,-26.384482391275064
405.4449746608734,310.1460089218649,26198,0.0,-26.384482391275064
406.5262532234192,310.1460089218649,26198,0.0,-26.384482391275064
407.6077015399933,310.1460089218649,26198,0.0,-26.384482391275064
408.68877625465393,310.1460089218649,26198,0.0,-26.384482391275064
409.7699246406555,310.1460089218649,26198,0.0,-26.384482391275064
410.851194858551,310.1460089218649,26198,0.0,-26.384482391275064
411.932311296463,310.1460089218649,26198,0.0,-26.384482391275064
413.01365900039673,310.21504348298504,26198,0.0,-26.384482391275064
414.0951497554779,310.21504348298504,26198,0.0,-26.384482391275064
415.17601776123047,310.21504348298504,26198,0.0,-26.384482391275064
416.2574143409729,310.21504348298504,26198,0.0,-26.384482391275064
417.3385896682739,310.2841499532258,34451,-0.12389995322575942,-26.518439963756506
418.4196026325226,310.2841499532258,34584,-0.12389995322575942,-26.652377419463356
419.5005979537964,310.2841499532258,34717,-0.12389995322575942,-26.786312689206444
420.58172821998596,310.35332867618934,39458,-0.19307867618931596,-26.995055889790528
421.6629104614258,310.35332867618934,39665,-0.19307867618931596,-27.203809125687126
422.74444246292114,310.35332867618934,39872,-0.19307867618931596,-27.412629892792232
423.8259291648865,310.4225799969575,44692,-0.26232999695747594,-27.69633629602835
424.9069838523865,310.4225799969575,44974,-0.26232999695747594,-27.97992936891109
425.98823380470276,310.4225799969575,45256,-0.26232999695747594,-28.26357366561249
427.06999945640564,310.49190426210265,50155,-0.3316542621026315,-28.62234585459598
428.152060508728,310.49190426210265,50511,-0.3316542621026315,-28.98121601445396
429.2337296009064,310.49190426210265,50868,-0.3316542621026315,-29.33995617905959
430.31510066986084,310.49190426210265,51224,-0.3316542621026315,-29.69859750299282
431.39621114730835,310.49190426210265,51580,-0.3316542621026315,-30.057152400642096
432.4771490097046,310.4225799969575,47318,-0.26232999695747594,-30.340714826795722
433.55865120887756,310.4225799969575,47600,-0.26232999695747594,-30.624425295414273
434.6400589942932,310.4225799969575,47882,-0.26232999695747594,-30.90811099647215
435.72169828414917,310.35332867618934,43551,-0.19307867618931596,-31.11695247867189
436.80295395851135,310.35332867618934,43758,-0.19307867618931596,-31.325719892899926
437.88398599624634,310.2841499532258,39357,-0.12389995322575942,-31.459659711810836
438.9656801223755,310.21504348298504,31238,0.0,-31.459659711810836
440.046856880188,310.21504348298504,31238,0.0,-31.459659711810836
441.12887167930603,310.1460089218649,31238,0.0,-31.459659711810836
442.2102131843567,310.1460089218649,31238,0.0,-31.459659711810836
443.2916398048401,310.0770459277319,25695,0.08320407226813131,-31.369680613127453
444.3726897239685,310.0770459277319,25606,0.08320407226813131,-31.279732857530835
445.45303750038147,310.0770459277319,25517,0.08320407226813131,-31.189843523067456
446.53426456451416,310.0770459277319,25427,0.08320407226813131,-31.0998810282851
447.61578130722046,310.0770459277319,25338,0.08320407226813131,-31.00989443106577
448.6972224712372,310.0770459277319,25249,0.08320407226813131,-30.91991412230119
449.77917742729187,310.0770459277319,25159,0.08320407226813131,-30.829891063946754
450.86082196235657,310.0770459277319,25070,0.08320407226813131,-30.7398938338828
451.9431116580963,310.0770459277319,24981,0.08320407226813131,-30.649842923823417
453.0241072177887,310.0770459277319,24891,0.08320407226813131,-30.559899691153245
454.10554122924805,310.1460089218649,30344,0.0,-30.559899691153245
455.1867618560791,310.1460089218649,30344,0.0,-30.559899691153245
456.2689690589905,310.1460089218649,30344,0.0,-30.559899691153245
457.3498740196228,310.1460089218649,30344,0.0,-30.559899691153245
458.43159794807434,310.21504348298504,30344,0.0,-30.559899691153245
459.5125801563263,310.21504348298504,30344,0.0,-30.559899691153245
460.5941479206085,310.21504348298504,30344,0.0,-30.559899691153245
461.6751482486725,310.2841499532258,38597,-0.12389995322575942,-30.6938355812374
462.75654768943787,310.2841499532258,38730,-0.12389995322575942,-30.827820921366595
463.8376135826111,310.35332867618934,43471,-0.19307867618931596,-31.0365516928939
464.9188332557678,310.35332867618934,43678,-0.19307867618931596,-31.24531215605685
466.0004372596741,310.35332867618934,43885,-0.19307867618931596,-31.454146825292135
467.0817697048187,310.4225799969575,48706,-0.26232999695747594,-31.73781276233695
468.1638627052307,310.4225799969575,48987,-0.26232999695747594,-32.02167821584273
469.2459337711334,310.4225799969575,49269,-0.26232999695747594,-32.305537915268765
470.3273241519928,310.4225799969575,49551,-0.26232999695747594,-32.58921905058945
471.4083435535431,310.4225799969575,49832,-0.26232999695747594,-32.87280286690911
472.48986530303955,310.4225799969575,50114,-0.26232999695747594,-33.15651846416396
473.57176399230957,310.35332867618934,45783,-0.19307867618931596,-33.365410030859174
474.6525959968567,310.35332867618934,45990,-0.19307867618931596,-33.57409564348018
475.7334554195404,310.35332867618934,46198,-0.19307867618931596,-33.7827865499587
476.81448340415955,310.2841499532258,41797,-0.12389995322575942,-33.91672586668875
477.8961627483368,310.2841499532258,41930,-0.12389995322575942,-34.05074588683758
478.97718477249146,310.21504348298504,33810,0.0,-34.05074588683758
480.0582640171051,310.21504348298504,33810,0.0,-34.05074588683758
481.1397182941437,310.1460089218649,33810,0.0,-34.05074588683758
482.22090888023376,310.1460089218649,33810,0.0,-34.05074588683758
483.302693605423,310.0770459277319,28268,0.08320407226813131,-33.960736992384376
484.38334369659424,310.0770459277319,28179,0.08320407226813131,-33.870822504102
485.46411418914795,310.0770459277319,28090,0.08320407226813131,-33.7808979979343
486.5452744960785,310.0770459277319,28000,0.08320407226813131,-33.690941057623014
487.6260461807251,310.0770459277319,27911,0.08320407226813131,-33.601016452268325
488.70807123184204,310.0770459277319,27822,0.08320407226813131,-33.51098756171926
489.7896296977997,310.0770459277319,27732,0.08320407226813131,-33.420997492955514
490.8710289001465,310.0770459277319,27643,0.08320407226813131,-33.33102067557275
491.95229268074036,310.0770459277319,27554,0.08320407226813131,-33.24105512583131
493.0334494113922,310.1460089218649,33006,0.0,-33.24105512583131
494.11454582214355,310.1460089218649,33006,0.0,-33.24105512583131
495.1956956386566,310.1460089218649,33006,0.0,-33.24105512583131
496.27708101272583,310.1460089218649,33006,0.0,-33.24105512583131
497.35855054855347,310.21504348298504,33006,0.0,-33.24105512583131
498.4394700527191,310.21504348298504,33006,0.0,-33.24105512583131
499.52085065841675,310.2841499532258,41259,-0.12389995322575942,-33.37503813229649
500.60302901268005,310.2841499532258,41392,-0.12389995322575942,-33.50911997977164
501.68427062034607,310.2841499532258,41525,-0.12389995322575942,-33.6430857643872
502.76545763015747,310.35332867618934,46266,-0.19307867618931596,-33.851839920954674
503.84699869155884,310.35332867618934,46474,-0.19307867618931596,-34.060662437334436
504.9292268753052,310.35332867618934,46681,-0.19307867618931596,-34.269617622386946
506.0102434158325,310.35332867618934,46888,-0.19307867618931596,-34.478338864970716
507.091490983963,310.35332867618934,47096,-0.19307867618931596,-34.68710471405827
508.172580242157,310.35332867618934,47303,-0.19307867618931596,-34.89583999687285
509.25339102745056,310.35332867618934,47510,-0.19307867618931596,-35.10452151250847
510.33464217185974,310.35332867618934,47717,-0.19307867618931596,-35.313288052099175
511.41594314575195,310.35332867618934,47925,-0.19307867618931596,-35.5220642127005
512.4973063468933,310.2841499532258,43524,-0.12389995322575942,-35.656045062741974
513.5781984329224,310.2841499532258,43657,-0.12389995322575942,-35.789967541643065
514.6597692966461,310.2841499532258,43790,-0.12389995322575942,-35.92397412106878
515.7421522140503,310.21504348298504,35670,0.0,-35.92397412106878
516.8232729434967,310.21504348298504,35670,0.0,-35.92397412106878
517.9043736457825,310.1460089218649,35670,0.0,-35.92397412106878
518.985949754715,310.1460089218649,35670,0.0,-35.92397412106878
520.0677001476288,310.0770459277319,30128,0.08320407226813131,-35.8339680832007
521.1480197906494,310.0770459277319,30039,0.08320407226813131,-35.74408108955013
522.2294919490814,310.0770459277319,29950,0.08320407226813131,-35.65409820192398
523.3107242584229,310.0770459277319,29860,0.08320407226813131,-35.56413527071889
524.3927254676819,310.0770459277319,29771,0.08320407226813131,-35.4741083639095
525.4740836620331,310.0770459277319,29682,0.08320407226813131,-35.38413495855897
526.5553920269012,310.0770459277319,29592,0.08320407226813131,-35.294165699224344
527.6368651390076,310.0770459277319,29503,0.08320407226813131,-35.20418273224861
528.7181613445282,310.0770459277319,29414,0.08320407226813131,-35.114214484621215
529.7998082637787,310.1460089218649,34866,0.0,-35.114214484621215
530.8818919658661,310.1460089218649,34866,0.0,-35.114214484621215
531.9631662368774,310.1460089218649,34866,0.0,-35.114214484621215
533.0441920757294,310.21504348298504,34866,0.0,-35.114214484621215
534.1262114048004,310.21504348298504,34866,0.0,-35.114214484621215
535.208039522171,310.21504348298504,34866,0.0,-35.114214484621215
536.2892777919769,310.2841499532258,43119,-0.12389995322575942,-35.24817985567607
537.371178150177,310.2841499532258,43252,-0.12389995322575942,-35.382227259451994
538.4524028301239,310.2841499532258,43385,-0.12389995322575942,-35.51619094672395
539.5334241390228,310.35332867618934,48126,-0.19307867618931596,-35.7249131099786
540.614572763443,310.35332867618934,48333,-0.19307867618931596,-35.93365985514555
541.6957042217255,310.35332867618934,48541,-0.19307867618931596,-36.14240328589735
542.7760889530182,310.35332867618934,48748,-0.19307867618931596,-36.3510025395905
543.857428073883,310.35332867618934,48955,-0.19307867618931596,-36.55978606555881
544.9389612674713,310.35332867618934,49162,-0.19307867618931596,-36.768607062831634
546.0208077430725,310.35332867618934,49370,-0.19307867618931596,-36.97748854818079
547.101979970932,310.35332867618934,49577,-0.19307867618931596,-37.18623985066855
548.183007478714,310.2841499532258,45177,-0.12389995322575942,-37.3201791083185
549.2647144794464,310.2841499532258,45310,-0.12389995322575942,-37.45420255511322
550.3469638824463,310.21504348298504,37190,0.0,-37.45420255511322
551.4280169010162,310.21504348298504,37190,0.0,-37.45420255511322
552.5089807510376,310.1460089218649,37190,0.0,-37.45420255511322
553.5904774665833,310.1460089218649,37190,0.0,-37.45420255511322
554.6717598438263,310.0770459277319,31648,0.08320407226813131,-37.364235458054836
555.7537961006165,310.0770459277319,31558,0.08320407226813131,-37.27420563514813
556.8351395130157,310.0770459277319,31469,0.08320407226813131,-37.18423345971619
557.9164736270905,310.0770459277319,31380,0.08320407226813131,-37.09426205794272
558.9977486133575,310.0081541599106,26702,0.1520958400894301,-36.92980463053874
560.0800688266754,310.0081541599106,26538,0.1520958400894301,-36.76518822844839
561.1611576080322,310.0081541599106,26375,0.1520958400894301,-36.60075912203666
562.2428162097931,310.0770459277319,30800,0.08320407226813131,-36.51076072156631
563.3241288661957,310.0770459277319,30711,0.08320407226813131,-36.42079110515854
564.405106306076,310.0770459277319,30622,0.08320407226813131,-36.330849380130516
565.4865326881409,310.0770459277319,30532,0.08320407226813131,-36.24087030128453
566.5679359436035,310.0770459277319,30443,0.08320407226813131,-36.15089314666602
567.6484949588776,310.1460089218649,35896,0.0,-36.15089314666602
568.7296752929688,310.1460089218649,35896,0.0,-36.15089314666602
569.81210064888,310.1460089218649,35896,0.0,-36.15089314666602
570.8932931423187,310.21504348298504,35896,0.0,-36.15089314666602
571.9742362499237,310.21504348298504,35896,0.0,-36.15089314666602
573.0558233261108,310.21504348298504,35896,0.0,-36.15089314666602
574.1379797458649,310.2841499532258,44149,-0.12389995322575942,-36.2849722764565
575.2196319103241,310.2841499532258,44282,-0.12389995322575942,-36.41898892903954
576.3006405830383,310.2841499532258,44415,-0.12389995322575942,-36.55292585302548
577.3810169696808,310.35332867618934,49155,-0.19307867618931596,-36.7615234955446
578.4621062278748,310.35332867618934,49363,-0.19307867618931596,-36.97025877835918
579.5432844161987,310.35332867618934,49570,-0.19307867618931596,-37.179011231685536
580.6249144077301,310.35332867618934,49777,-0.19307867618931596,-37.38785091857707
581.7060601711273,310.35332867618934,49985,-0.19307867618931596,-37.596597111341495
582.7871289253235,310.35332867618934,50192,-0.19307867618931596,-37.80532843527132
583.8686580657959,310.35332867618934,50399,-0.19307867618931596,-38.014148649973905
584.9508249759674,310.35332867618934,50607,-0.19307867618931596,-38.2230920044057
586.0325503349304,310.2841499532258,46206,-0.12389995322575942,-38.357117725784335
587.1136004924774,310.2841499532258,46339,-0.12389995322575942,-38.491059789739104
588.1941382884979,310.21504348298504,38219,0.0,-38.491059789739104
589.2753503322601,310.21504348298504,38219,0.0,-38.491059789739104
590.3563408851624,310.1460089218649,38219,0.0,-38.491059789739104
591.4380261898041,310.1460089218649,38219,0.0,-38.491059789739104
592.5190718173981,310.0770459277319,32677,0.08320407226813131,-38.40111239121563
593.600195646286,310.0770459277319,32588,0.08320407226813131,-38.31115848602604
594.6815977096558,310.0081541599106,27910,0.1520958400894301,-38.14668173072337
595.7622458934784,310.0081541599106,27747,0.1520958400894301,-37.98231963736375
596.8438489437103,310.0081541599106,27583,0.1520958400894301,-37.81781231279543
597.9250683784485,310.0081541599106,27420,0.1520958400894301,-37.65336333454791
599.006276845932,310.0081541599106,27257,0.1520958400894301,-37.4889160243742
600.0874445438385,310.0081541599106,27093,0.1520958400894301,-37.324474915083556
601.1689534187317,310.0081541599106,26930,0.1520958400894301,-37.1599819141925
602.2502610683441,310.0081541599106,26767,0.1520958400894301,-36.99551951882957
603.3316657543182,310.0081541599106,26603,0.1520958400894301,-36.831042364639686
604.4139623641968,310.0770459277319,31029,0.08320407226813131,-36.7409908792958
605.4958143234253,310.0770459277319,30939,0.08320407226813131,-36.650976390696734
606.5779385566711,310.0770459277319,30850,0.08320407226813131,-36.56093924779065
607.6592192649841,310.1460089218649,36303,0.0,-36.56093924779065
608.7406096458435,310.1460089218649,36303,0.0,-36.56093924779065
609.8215696811676,310.1460089218649,36303,0.0,-36.56093924779065
610.902889251709,310.21504348298504,36303,0.0,-36.56093924779065
611.9841306209564,310.21504348298504,36303,0.0,-36.56093924779065
615.5875437259674,310.2841499532258,44866,-0.12389995322575942,-37.007401962954596
616.6681132316589,310.35332867618934,49607,-0.19307867618931596,-37.21603689264406
617.748898267746,310.35332867618934,49814,-0.19307867618931596,-37.42471343665697
618.8310556411743,310.35332867618934,50021,-0.19307867618931596,-37.633654949747026
619.9132680892944,310.4225799969575,54842,-0.26232999695747594,-37.91755173796972
620.9940006732941,310.4225799969575,55123,-0.26232999695747594,-38.201060313442184
622.0754523277283,310.4225799969575,55405,-0.26232999695747594,-38.484757522659564
623.1567597389221,310.4225799969575,55687,-0.26232999695747594,-38.76841689254814
624.2384190559387,310.4225799969575,55968,-0.26232999695747594,-39.05216857789013
625.3191287517548,310.35332867618934,51637,-0.19307867618931596,-39.260830575303245
626.400378704071,310.35332867618934,51844,-0.19307867618931596,-39.469596884726236
627.4809651374817,310.2841499532258,47444,-0.12389995322575942,-39.6034814932822
628.5627498626709,310.2841499532258,47577,-0.12389995322575942,-39.737514570133484
629.6448128223419,310.21504348298504,39457,0.0,-39.737514570133484
630.7261049747467,310.1460089218649,39457,0.0,-39.737514570133484
631.8076293468475,310.1460089218649,39457,0.0,-39.737514570133484
632.8883357048035,310.0770459277319,33915,0.08320407226813131,-39.64759540022549
633.9700696468353,310.0081541599106,29237,0.1520958400894301,-39.483068167558905
635.0516090393066,310.0081541599106,29073,0.1520958400894301,-39.318570525071166
636.1337110996246,309.9393332791728,24326,0.22091672082723335,-39.079516086305325
637.2149579524994,309.9393332791728,24089,0.22091672082723335,-38.840650577163466
638.2961754798889,309.9393332791728,23852,0.22091672082723335,-38.60179154651164
639.3774998188019,309.87058294772703,19035,0.28966705227298917,-38.28856751270769
640.4587182998657,309.87058294772703,18724,0.28966705227298917,-37.975374142434845
641.5400238037109,309.87058294772703,18413,0.28966705227298917,-37.66215556452944
642.6212306022644,309.87058294772703,18102,0.28966705227298917,-37.348965578294944
643.7026700973511,309.87058294772703,17791,0.28966705227298917,-37.0357081875416
644.7846429347992,309.9393332791728,22059,0.22091672082723335,-36.79668229626843
645.8661439418793,309.9393332791728,21822,0.22091672082723335,-36.55776064021295
646.9473760128021,309.9393332791728,21585,0.22091672082723335,-36.318898396651434
648.0279448032379,309.9393332791728,21348,0.22091672082723335,-36.08018268284011
649.1092076301575,310.0081541599106,25695,0.1520958400894301,-35.91572710482231
650.1905755996704,310.0081541599106,25531,0.1520958400894301,-35.75125553505344
651.2715549468994,310.0081541599106,25368,0.1520958400894301,-35.58684307311732
652.3531270027161,310.0770459277319,29793,0.08320407226813131,-35.496851873621964
653.4340558052063,310.0770459277319,29704,0.08320407226813131,-35.406914195422864
654.5153667926788,310.0770459277319,29615,0.08320407226813131,-35.31694471787687
655.5966866016388,310.1460089218649,35068,0.0,-35.31694471787687
656.6790161132812,310.1460089218649,35068,0.0,-35.31694471787687
657.7601411342621,310.21504348298504,35068,0.0,-35.31694471787687
658.8414790630341,310.21504348298504,35068,0.0,-35.31694471787687
659.9225709438324,310.21504348298504,35068,0.0,-35.31694471787687
661.003732919693,310.2841499532258,43320,-0.12389995322575942,-35.45090063611547
662.0850648880005,310.2841499532258,43453,-0.12389995322575942,-35.58487761641029
663.1665148735046,310.35332867618934,48194,-0.19307867618931596,-35.79368254797639
664.2475943565369,310.35332867618934,48402,-0.19307867618931596,-36.00241594341568
665.330070734024,310.35332867618934,48609,-0.19307867618931596,-36.21141904938711
666.4112477302551,310.35332867618934,48816,-0.19307867618931596,-36.42017127254575
667.4926717281342,310.4225799969575,53637,-0.26232999695747594,-36.7038612266191
668.5740940570831,310.35332867618934,49306,-0.19307867618931596,-36.91266081829413
669.6552963256836,310.35332867618934,49513,-0.19307867618931596,-37.121417921008394
670.736537694931,310.35332867618934,49720,-0.19307867618931596,-37.330182573223816
671.8189790248871,310.35332867618934,49928,-0.19307867618931596,-37.53917891226433
672.9000766277313,310.2841499532258,45527,-0.12389995322575942,-37.673126854689215
673.9811463356018,310.2841499532258,45660,-0.12389995322575942,-37.807071340928154
675.0625336170197,310.2841499532258,45793,-0.12389995322575942,-37.94105517451476
676.1440441608429,310.21504348298504,37673,0.0,-37.94105517451476
677.2249667644501,310.1460089218649,37673,0.0,-37.94105517451476
678.3064000606537,310.1460089218649,37673,0.0,-37.94105517451476
679.38751912117,310.0770459277319,32131,0.08320407226813131,-37.8511016660731
680.468948841095,310.0770459277319,32042,0.08320407226813131,-37.76112230950356
681.5500650405884,310.0081541599106,27364,0.1520958400894301,-37.59668903290732
682.6312391757965,310.0081541599106,27200,0.1520958400894301,-37.43224694452988
683.712648153305,310.0081541599106,27037,0.1520958400894301,-37.26776913761547
684.7944447994232,310.0081541599106,26874,0.1520958400894301,-37.103232367918196
685.8749489784241,310.0081541599106,26711,0.1520958400894301,-36.93889217709292
686.9564826488495,310.0081541599106,26547,0.1520958400894301,-36.77439540490456
688.0374789237976,310.0081541599106,26384,0.1520958400894301,-36.60998036833278
689.1187272071838,310.0081541599106,26221,0.1520958400894301,-36.445527002325896
690.2001488208771,310.0081541599106,26057,0.1520958400894301,-36.281047273500356
691.2809126377106,310.0081541599106,25894,0.1520958400894301,-36.116667592840805
692.3618249893188,310.0081541599106,25731,0.1520958400894301,-35.952265320659905
693.4431092739105,310.0770459277319,30156,0.08320407226813131,-35.86229806490235
694.5243873596191,310.0770459277319,30067,0.08320407226813131,-35.772331324917104
695.6058433055878,310.0770459277319,29978,0.08320407226813131,-35.68234978623393
696.6870725154877,310.1460089218649,35430,0.0,-35.68234978623393
697.7682752609253,310.1460089218649,35430,0.0,-35.68234978623393
698.8490307331085,310.1460089218649,35430,0.0,-35.68234978623393
699.9304530620575,310.21504348298504,35430,0.0,-35.68234978623393
701.0108969211578,310.21504348298504,35430,0.0,-35.68234978623393
702.0923011302948,310.21504348298504,35430,0.0,-35.68234978623393
703.1734871864319,310.2841499532258,43683,-0.12389995322575942,-35.816308688017656
704.2545166015625,310.2841499532258,43816,-0.12389995322575942,-35.95024818198801
705.3360121250153,310.35332867618934,48557,-0.19307867618931596,-36.15906190596094
706.4169278144836,310.35332867618934,48764,-0.19307867618931596,-36.36776367635576
707.4987354278564,310.35332867618934,48972,-0.19307867618931596,-36.5766376582373
708.5808687210083,310.35332867618934,49179,-0.19307867618931596,-36.785574521939445
709.6618909835815,310.35332867618934,49387,-0.19307867618931596,-36.99429686932827
710.7434797286987,310.35332867618934,49594,-0.19307867618931596,-37.20312859241675
711.8239533901215,310.35332867618934,49801,-0.19307867618931596,-37.41174501662168
712.9056451320648,310.35332867618934,50008,-0.19307867618931596,-37.62059662620102
713.9872052669525,310.35332867618934,50216,-0.19307867618931596,-37.829422825264274
715.068305015564,310.2841499532258,45815,-0.12389995322575942,-37.96337103354961
716.1494536399841,310.2841499532258,45948,-0.12389995322575942,-38.09732529754537
717.2309079170227,310.21504348298504,37828,0.0,-38.09732529754537
718.3119833469391,310.21504348298504,37828,0.0,-38.09732529754537
719.3935225009918,310.1460089218649,37828,0.0,-38.09732529754537
720.4738192558289,310.1460089218649,37828,0.0,-38.09732529754537
721.5550661087036,310.0770459277319,32286,0.08320407226813131,-38.00736115625909
722.6367545127869,310.0770459277319,32197,0.08320407226813131,-37.917360276114145
723.7187740802765,310.0770459277319,32108,0.08320407226813131,-37.827331841825206
724.7999927997589,310.0081541599106,27429,0.1520958400894301,-37.66288297236511
725.8814489841461,310.0081541599106,27266,0.1520958400894301,-37.49839798548083
726.9622344970703,310.0081541599106,27103,0.1520958400894301,-37.334015004936134
728.0435585975647,310.0081541599106,26940,0.1520958400894301,-37.16955010746249
729.1252801418304,310.0081541599106,26776,0.1520958400894301,-37.005024760444556
730.2062532901764,310.0081541599106,26613,0.1520958400894301,-36.84061324133276
731.2873888015747,310.0081541599106,26450,0.1520958400894301,-36.67617702747612
732.3680922985077,310.0770459277319,30875,0.08320407226813131,-36.586258095616884
733.4490513801575,310.0770459277319,30786,0.08320407226813131,-36.496317898068405
734.5298802852631,310.0770459277319,30697,0.08320407226813131,-36.406388531738514
735.6115038394928,310.0770459277319,30607,0.08320407226813131,-36.31639304736547
736.692976474762,310.1460089218649,36060,0.0,-36.31639304736547
737.7745838165283,310.1460089218649,36060,0.0,-36.31639304736547
738.8568139076233,310.1460089218649,36060,0.0,-36.31639304736547
739.938859462738,310.21504348298504,36060,0.0,-36.31639304736547
741.0199522972107,310.21504348298504,36060,0.0,-36.31639304736547
742.1011497974396,310.21504348298504,36060,0.0,-36.31639304736547
743.1817939281464,310.2841499532258,44313,-0.12389995322575942,-36.45028480461374
744.2631123065948,310.2841499532258,44446,-0.12389995322575942,-36.58426010112566
745.3439710140228,310.35332867618934,49187,-0.19307867618931596,-36.79295086950355
746.4251914024353,310.35332867618934,49394,-0.19307867618931596,-37.00171147076713
747.506402015686,310.35332867618934,49601,-0.19307867618931596,-37.210470184655414
748.5875701904297,310.35332867618934,49808,-0.19307867618931596,-37.419220704572936
749.6691386699677,310.35332867618934,50016,-0.19307867618931596,-37.62804851481022
750.7505338191986,310.35332867618934,50223,-0.19307867618931596,-37.83684285866128
751.8323321342468,310.35332867618934,50431,-0.19307867618931596,-38.04571504523462
752.9138703346252,310.35332867618934,50638,-0.19307867618931596,-38.254537009211866
753.9950845241547,310.35332867618934,50845,-0.19307867618931596,-38.46329641360331
755.0762977600098,310.2841499532258,46445,-0.12389995322575942,-38.59725868295283
756.1577670574188,310.2841499532258,46578,-0.12389995322575942,-38.731252678316906
757.2398390769958,310.21504348298504,38458,0.0,-38.731252678316906
758.3208906650543,310.21504348298504,38458,0.0,-38.731252678316906
759.402245759964,310.1460089218649,38458,0.0,-38.731252678316906
760.4834856987,310.0770459277319,32916,0.08320407226813131,-38.64128911231513
761.5648176670074,310.0770459277319,32826,0.08320407226813131,-38.551317889078234
762.6467139720917,310.0081541599106,28148,0.1520958400894301,-38.386765961666796
763.7278070449829,310.0081541599106,27985,0.1520958400894301,-38.22233620253054
764.8093364238739,310.0081541599106,27822,0.1520958400894301,-38.057840083066715
765.890483379364,309.9393332791728,23074,0.22091672082723335,-37.818996642927495
766.9726498126984,309.9393332791728,22837,0.22091672082723335,-37.579927983085966
768.0541684627533,309.9393332791728,22600,0.22091672082723335,-37.34100242940234
769.1349520683289,309.9393332791728,22363,0.22091672082723335,-37.10223925933475
770.2162840366364,310.0081541599106,26709,0.1520958400894301,-36.93777316519947
771.2977488040924,310.0081541599106,26546,0.1520958400894301,-36.773286872866116
772.3788530826569,310.0081541599106,26383,0.1520958400894301,-36.60885540939358
773.4602334499359,310.0081541599106,26220,0.1520958400894301,-36.444381953976055
774.5409922599792,310.0081541599106,26056,0.1520958400894301,-36.28000303482846
775.6230342388153,310.0770459277319,30482,0.08320407226813131,-36.189972735824234
776.7037703990936,310.0770459277319,30392,0.08320407226813131,-36.100051086241656
777.7854788303375,310.0770459277319,30303,0.08320407226813131,-36.010048539755395
778.8652853965759,310.1460089218649,35756,0.0,-36.010048539755395
779.9462497234344,310.1460089218649,35756,0.0,-36.010048539755395
781.027275800705,310.21504348298504,35756,0.0,-36.010048539755395
782.1087067127228,310.21504348298504,35756,0.0,-36.010048539755395
783.1901745796204,310.21504348298504,35756,0.0,-36.010048539755395
784.2711288928986,310.2841499532258,44009,-0.12389995322575942,-36.143978728609746
785.3525903224945,310.2841499532258,44142,-0.12389995322575942,-36.277971749152144
786.434380531311,310.2841499532258,44275,-0.12389995322575942,-36.412005505424595
787.514844417572,310.35332867618934,49016,-0.19307867618931596,-36.62062004225423
788.5960433483124,310.35332867618934,49223,-0.19307867618931596,-36.82937650049888
789.6772718429565,310.35332867618934,49430,-0.19307867618931596,-37.038138666902945
790.7586758136749,310.35332867618934,49637,-0.19307867618931596,-37.246934713995124
791.8405561447144,310.35332867618934,49845,-0.19307867618931596,-37.45582273610748
792.9225032329559,310.35332867618934,50052,-0.19307867618931596,-37.66472364761205
794.003123998642,310.35332867618934,50259,-0.19307867618931596,-37.87336847451339
795.0845265388489,310.35332867618934,50467,-0.19307867618931596,-38.08216424540431
796.1658048629761,310.2841499532258,46066,-0.12389995322575942,-38.216134579187695
797.2476291656494,310.2841499532258,46199,-0.12389995322575942,-38.350172559687415
798.3291554450989,310.2841499532258,46332,-0.12389995322575942,-38.48417361512363
799.4099314212799,310.21504348298504,38213,0.0,-38.48417361512363
800.4916162490845,310.1460089218649,38213,0.0,-38.48417361512363
801.5730383396149,310.1460089218649,38213,0.0,-38.48417361512363
802.65429520607,310.0770459277319,32670,0.08320407226813131,-38.39420864066669
803.7354643344879,310.0770459277319,32581,0.08320407226813131,-38.30425096637173
804.8175845146179,310.0081541599106,27903,0.1520958400894301,-38.13966498849713
805.899255990982,310.0081541599106,27739,0.1520958400894301,-37.97514725659875
806.9800050258636,310.0081541599106,27576,0.1520958400894301,-37.8107698242126
808.0614223480225,310.0081541599106,27413,0.1520958400894301,-37.64629074811159
809.1422696113586,310.0081541599106,27250,0.1520958400894301,-37.48189837558611
810.223372220993,310.0081541599106,27086,0.1520958400894301,-37.317467165950895
811.3038403987885,310.0081541599106,26923,0.1520958400894301,-37.15313245075921
812.3849191665649,310.0081541599106,26760,0.1520958400894301,-36.988704867371396
813.4665040969849,310.0081541599106,26597,0.1520958400894301,-36.82420029875111
814.5479719638824,310.0081541599106,26433,0.1520958400894301,-36.659713535005594
815.6295557022095,310.0081541599106,26270,0.1520958400894301,-36.49520914769768
816.7114634513855,310.0770459277319,30695,0.08320407226813131,-36.40519001714779
817.7935743331909,310.0770459277319,30606,0.08320407226813131,-36.31515398513592
818.8749673366547,310.0770459277319,30517,0.08320407226813131,-36.22517768352547
819.9562976360321,310.1460089218649,35969,0.0,-36.22517768352547
821.0374050140381,310.1460089218649,35969,0.0,-36.22517768352547
822.1187198162079,310.1460089218649,35969,0.0,-36.22517768352547
823.2004866600037,310.1460089218649,35969,0.0,-36.22517768352547
824.2827579975128,310.21504348298504,35969,0.0,-36.22517768352547
825.3641560077667,310.21504348298504,35969,0.0,-36.22517768352547
826.4457132816315,310.2841499532258,44222,-0.12389995322575942,-36.3591825791683
827.5270676612854,310.2841499532258,44355,-0.12389995322575942,-36.49316233622789
828.6085755825043,310.2841499532258,44488,-0.12389995322575942,-36.6271611170802
829.6899907588959,310.35332867618934,49229,-0.19307867618931596,-36.835959327748924
830.7712550163269,310.35332867618934,49437,-0.19307867618931596,-37.04472839918453
831.8527956008911,310.35332867618934,49644,-0.19307867618931596,-37.25355082349721
832.9350366592407,310.35332867618934,49851,-0.19307867618931596,-37.462508494361074
834.0157594680786,310.35332867618934,50059,-0.19307867618931596,-37.67117302361909
835.0971028804779,310.35332867618934,50266,-0.19307867618931596,-37.879957378191186
836.1784958839417,310.2841499532258,45865,-0.12389995322575942,-38.01394192073901
837.260680437088,310.2841499532258,45999,-0.12389995322575942,-38.148024536255484
838.3419532775879,310.2841499532258,46132,-0.12389995322575942,-38.2819941906177
839.4231011867523,310.21504348298504,38012,0.0,-38.2819941906177
840.5042417049408,310.21504348298504,38012,0.0,-38.2819941906177
841.5856108665466,310.1460089218649,38012,0.0,-38.2819941906177
842.6674239635468,310.1460089218649,38012,0.0,-38.2819941906177
843.7488253116608,310.0770459277319,32470,0.08320407226813131,-38.192017194698366
844.8299472332001,310.0770459277319,32380,0.08320407226813131,-38.10206344820795
845.9108629226685,310.0770459277319,32291,0.08320407226813131,-38.01212686106567
846.9921491146088,310.0081541599106,27613,0.1520958400894301,-37.84766772932541
848.0736954212189,310.0081541599106,27450,0.1520958400894301,-37.68316903522592
849.1548595428467,310.0081541599106,27286,0.1520958400894301,-37.51872846987239
850.2360689640045,310.0081541599106,27123,0.1520958400894301,-37.354281014648784
851.3173379898071,310.0081541599106,26960,0.1520958400894301,-37.189824493806654
852.3985481262207,310.0081541599106,26796,0.1520958400894301,-37.02537692979563
853.479879617691,310.0081541599106,26633,0.1520958400894301,-36.86091090818529
854.561488866806,310.0770459277319,31059,0.08320407226813131,-36.77091661405605
855.6427493095398,310.0770459277319,30969,0.08320407226813131,-36.680951342038156
856.7242681980133,310.0770459277319,30880,0.08320407226813131,-36.59096456628226
857.8053035736084,310.0770459277319,30791,0.08320407226813131,-36.50101802076684
858.8866186141968,310.1460089218649,36243,0.0,-36.50101802076684
859.9678194522858,310.1460089218649,36243,0.0,-36.50101802076684
861.0492031574249,310.1460089218649,36243,0.0,-36.50101802076684
862.1301596164703,310.21504348298504,36243,0.0,-36.50101802076684
863.211850643158,310.21504348298504,36243,0.0,-36.50101802076684
864.2928998470306,310.21504348298504,36243,0.0,-36.50101802076684
865.3741126060486,310.2841499532258,44496,-0.12389995322575942,-36.63498023103626
866.4552392959595,310.2841499532258,44629,-0.12389995322575942,-36.76893177734734
867.5367436408997,310.2841499532258,44762,-0.12389995322575942,-36.90293011509888
868.6177380084991,310.35332867618934,49503,-0.19307867618931596,-37.1116470765631
869.6988146305084,310.35332867618934,49710,-0.19307867618931596,-37.32037991959987
870.7796108722687,310.35332867618934,49918,-0.19307867618931596,-37.52905862718933
871.8608269691467,310.35332867618934,50125,-0.19307867618931596,-37.737818399849125
872.9417266845703,310.35332867618934,50332,-0.19307867618931596,-37.94651708599652
874.0235204696655,310.35332867618934,50539,-0.19307867618931596,-38.15538839793253
875.1059358119965,310.35332867618934,50747,-0.19307867618931596,-38.364379719316794
876.1872224807739,310.35332867618934,50954,-0.19307867618931596,-38.573153117905505
877.2685797214508,310.2841499532258,46554,-0.12389995322575942,-38.70713322944571
878.3507630825043,310.2841499532258,46687,-0.12389995322575942,-38.84121569726193
879.431764125824,310.21504348298504,38567,0.0,-38.84121569726193
880.5132834911346,310.1460089218649,38567,0.0,-38.84121569726193
881.5943765640259,310.1460089218649,38567,0.0,-38.84121569726193
882.6759076118469,310.0770459277319,33025,0.08320407226813131,-38.7512279097988
883.7567522525787,310.0770459277319,32936,0.08320407226813131,-38.66129723420073
884.838193655014,310.0081541599106,28257,0.1520958400894301,-38.496814495589845
885.9194872379303,310.0081541599106,28094,0.1520958400894301,-38.332354239712885
887.0015897750854,310.0081541599106,27931,0.1520958400894301,-38.16777094526137
888.0836889743805,309.9393332791728,23183,0.22091672082723335,-37.928717138543334
889.1656131744385,309.9393332791728,22946,0.22091672082723335,-37.689701992082895
890.2468891143799,309.9393332791728,22709,0.22091672082723335,-37.45083005712166
891.3283820152283,309.9393332791728,22471,0.22091672082723335,-37.2119101918683
892.4103066921234,310.0081541599106,26818,0.1520958400894301,-37.04735394922245
893.4917511940002,310.0081541599106,26655,0.1520958400894301,-36.8828707391994
894.5731165409088,310.0081541599106,26492,0.1520958400894301,-36.71839956831774
895.6536722183228,310.0081541599106,26328,0.1520958400894301,-36.554051544798064
896.7348601818085,310.0081541599106,26165,0.1520958400894301,-36.38960735319712
897.8165230751038,310.0770459277319,30591,0.08320407226813131,-36.29960859565362
898.8981709480286,310.0770459277319,30501,0.08320407226813131,-36.209611087866115
899.9792912006378,310.0770459277319,30412,0.08320407226813131,-36.11965748023747
901.0606861114502,310.1460089218649,35865,0.0,-36.11965748023747
902.1425831317902,310.1460089218649,35865,0.0,-36.11965748023747
903.2245230674744,310.1460089218649,35865,0.0,-36.11965748023747
904.3057827949524,310.21504348298504,35865,0.0,-36.11965748023747
905.3867371082306,310.21504348298504,35865,0.0,-36.11965748023747
906.4680836200714,310.21504348298504,35865,0.0,-36.11965748023747
907.5496163368225,310.2841499532258,44118,-0.12389995322575942,-36.25365933325506
908.631590127945,310.2841499532258,44251,-0.12389995322575942,-36.38771583536663
909.7129220962524,310.35332867618934,48992,-0.19307867618931596,-36.59649798032863
910.7939245700836,310.35332867618934,49199,-0.19307867618931596,-36.80521650693333
911.875482082367,310.35332867618934,49406,-0.19307867618931596,-37.0140421996276
912.9575958251953,310.4225799969575,54226,-0.26232999695747594,-37.29791309449141
914.0387809276581,310.4225799969575,54508,-0.26232999695747594,-37.58154037913094
915.1200232505798,310.4225799969575,54790,-0.26232999695747594,-37.8651826744133
916.2011685371399,310.35332867618934,50459,-0.19307867618931596,-38.07392877511063
917.2828311920166,310.35332867618934,50666,-0.19307867618931596,-38.28277476859765
918.3639605045319,310.35332867618934,50873,-0.19307867618931596,-38.491517785047556
919.4454288482666,310.2841499532258,46473,-0.12389995322575942,-38.62551166225143
920.5274612903595,310.2841499532258,46606,-0.12389995322575942,-38.75957543121549
921.6095161437988,310.21504348298504,38486,0.0,-38.75957543121549
922.6910412311554,310.1460089218649,38486,0.0,-38.75957543121549
923.7726442813873,310.1460089218649,38486,0.0,-38.75957543121549
924.8537538051605,310.0770459277319,32944,0.08320407226813131,-38.6696227162697
925.9351301193237,310.0081541599106,28266,0.1520958400894301,-38.50514987731424
927.0164210796356,310.0081541599106,28102,0.1520958400894301,-38.340690020324494
928.0986511707306,310.0081541599106,27939,0.1520958400894301,-38.176087325449345
929.1801073551178,309.9393332791728,23192,0.22091672082723335,-37.93717557147619
930.2614481449127,309.9393332791728,22954,0.22091672082723335,-37.69828931009796
931.3426997661591,309.9393332791728,22717,0.22091672082723335,-37.459422747543094
932.4239542484283,309.9393332791728,22480,0.22091672082723335,-37.22055555294042
933.5053210258484,309.9393332791728,22243,0.22091672082723335,-36.98166355046127
934.5866334438324,309.9393332791728,22006,0.22091672082723335,-36.74278355689048
935.6678550243378,309.9393332791728,21768,0.22091672082723335,-36.5039236308376
936.7493534088135,309.9393332791728,21531,0.22091672082723335,-36.265002554159274
937.8301911354065,310.0081541599106,25878,0.1520958400894301,-36.10061163213276
938.9115829467773,310.0081541599106,25715,0.1520958400894301,-35.936136436116485
939.9927945137024,310.0081541599106,25552,0.1520958400894301,-35.77168865453061
941.0746862888336,310.0081541599106,25388,0.1520958400894301,-35.60713741610618
942.1558315753937,310.0770459277319,29814,0.08320407226813131,-35.517181725550884
943.2378635406494,310.0770459277319,29724,0.08320407226813131,-35.42715225971732
944.3189952373505,310.0770459277319,29635,0.08320407226813131,-35.337197699893636
945.4001133441925,310.1460089218649,35088,0.0,-35.337197699893636
946.4812400341034,310.1460089218649,35088,0.0,-35.337197699893636
947.5622618198395,310.1460089218649,35088,0.0,-35.337197699893636
948.6428790092468,310.21504348298504,35088,0.0,-35.337197699893636
949.724301815033,310.21504348298504,35088,0.0,-35.337197699893636
950.8050651550293,310.2841499532258,43340,-0.12389995322575942,-35.471104227167295
951.8864288330078,310.2841499532258,43474,-0.12389995322575942,-35.60508513628887
952.9677271842957,310.2841499532258,43607,-0.12389995322575942,-35.73905795143653
954.0490577220917,310.35332867618934,48347,-0.19307867618931596,-35.94783982019727
955.130208492279,310.35332867618934,48555,-0.19307867618931596,-36.1565869796661
956.2117190361023,310.35332867618934,48762,-0.19307867618931596,-36.36540360375228
957.2930505275726,310.35332867618934,48969,-0.19307867618931596,-36.57418565664719
958.3742599487305,310.35332867618934,49177,-0.19307867618931596,-36.78294414036776
959.4550576210022,310.35332867618934,49384,-0.19307867618931596,-36.99162312415848
960.5364825725555,310.35332867618934,49591,-0.19307867618931596,-37.200423222202495
961.6177270412445,310.35332867618934,49799,-0.19307867618931596,-37.409188472853984
962.699254989624,310.2841499532258,45398,-0.12389995322575942,-37.543189735070555
963.7801554203033,310.2841499532258,45531,-0.12389995322575942,-37.67711324787343
964.8614618778229,310.2841499532258,45664,-0.12389995322575942,-37.81108706738281
965.9427042007446,310.21504348298504,37544,0.0,-37.81108706738281
967.0238499641418,310.21504348298504,37544,0.0,-37.81108706738281
968.1049814224243,310.1460089218649,37544,0.0,-37.81108706738281
969.1859614849091,310.0770459277319,32002,0.08320407226813131,-37.72114512414342
970.2671689987183,310.0770459277319,31913,0.08320407226813131,-37.631184256027595
971.3486363887787,310.0770459277319,31823,0.08320407226813131,-37.54120176514938
972.4309000968933,310.0081541599106,27145,0.1520958400894301,-37.376593957265385
973.5119366645813,310.0081541599106,26982,0.1520958400894301,-37.21217279233549
974.5932743549347,310.0081541599106,26819,0.1520958400894301,-37.04770582790082
975.6736905574799,310.0081541599106,26655,0.1520958400894301,-36.88337901792848
976.7552573680878,310.0081541599106,26492,0.1520958400894301,-36.71887720525623
977.8363761901855,310.0081541599106,26329,0.1520958400894301,-36.55444352977277
978.9185655117035,310.0081541599106,26165,0.1520958400894301,-36.38984703578069
980.0002856254578,310.0081541599106,26002,0.1520958400894301,-36.2253219063376
981.0817430019379,310.0770459277319,30427,0.08320407226813131,-36.135340248630044
982.1633846759796,310.0770459277319,30338,0.08320407226813131,-36.04534325661485
983.2455494403839,310.0770459277319,30249,0.08320407226813131,-35.95530274135133
984.3268172740936,310.0770459277319,30159,0.08320407226813131,-35.86533685437414
985.4080684185028,310.1460089218649,35612,0.0,-35.86533685437414
986.4895193576813,310.1460089218649,35612,0.0,-35.86533685437414
987.5709941387177,310.1460089218649,35612,0.0,-35.86533685437414
988.6523239612579,310.21504348298504,35612,0.0,-35.86533685437414
989.7339823246002,310.21504348298504,35612,0.0,-35.86533685437414
990.8149936199188,310.2841499532258,43865,-0.12389995322575942,-35.999274103300635
991.8962380886078,310.2841499532258,43998,-0.12389995322575942,-36.13324024239681
992.9772098064423,310.2841499532258,44131,-0.12389995322575942,-36.26717258767487
994.0578083992004,310.35332867618934,48872,-0.19307867618931596,-36.47581313345666
995.1388614177704,310.35332867618934,49079,-0.19307867618931596,-36.68454141917261
996.2204246520996,310.35332867618934,49286,-0.19307867618931596,-36.89336821667193
997.3024697303772,310.35332867618934,49494,-0.19307867618931596,-37.10228804796293
998.3848533630371,310.35332867618934,49701,-0.19307867618931596,-37.31127324688589
999.4657769203186,310.35332867618934,49909,-0.19307867618931596,-37.519976536387645
1000.5469918251038,310.35332867618934,50116,-0.19307867618931596,-37.72873607887972
1001.6283230781555,310.35332867618934,50323,-0.19307867618931596,-37.93751808574109
1002.7088093757629,310.2841499532258,45922,-0.12389995322575942,-38.07139028747572
1003.7900748252869,310.2841499532258,46055,-0.12389995322575942,-38.20535902609637
1004.8713057041168,310.21504348298504,37936,0.0,-38.20535902609637
1005.9534468650818,310.21504348298504,37936,0.0,-38.20535902609637
1007.0350086688995,310.1460089218649,37936,0.0,-38.20535902609637
1008.1159374713898,310.1460089218649,37936,0.0,-38.20535902609637
1009.197185754776,310.0770459277319,32394,0.08320407226813131,-38.11539476578571
1010.2785067558289,310.0770459277319,32304,0.08320407226813131,-38.02542445506906
1011.359760761261,310.0081541599106,27626,0.1520958400894301,-37.860970218762795
1012.4409074783325,310.0081541599106,27463,0.1520958400894301,-37.69653230056987
1013.522166967392,310.0081541599106,27300,0.1520958400894301,-37.532077230226705
1014.6036865711212,310.0081541599106,27136,0.1520958400894301,-37.36758259752432
1015.6845219135284,310.0081541599106,26973,0.1520958400894301,-37.203192038122545
1016.7660219669342,310.0081541599106,26810,0.1520958400894301,-37.038700378943034
1017.8468368053436,310.0081541599106,26646,0.1520958400894301,-36.87431293811403
1018.9279375076294,310.0081541599106,26483,0.1520958400894301,-36.709882018578604
1020.0089762210846,310.0081541599106,26320,0.1520958400894301,-36.54546052728644
1021.089861869812,310.0770459277319,30745,0.08320407226813131,-36.45552643965613
1022.1707246303558,310.0770459277319,30656,0.08320407226813131,-36.36559425641591
1023.2526500225067,310.0770459277319,30567,0.08320407226813131,-36.27557365789866
1024.3331990242004,310.1460089218649,36019,0.0,-36.27557365789866
1025.413645029068,310.1460089218649,36019,0.0,-36.27557365789866
1026.4952447414398,310.1460089218649,36019,0.0,-36.27557365789866
1027.5767538547516,310.21504348298504,36019,0.0,-36.27557365789866
1028.6586620807648,310.21504348298504,36019,0.0,-36.27557365789866
1029.739785194397,310.21504348298504,36019,0.0,-36.27557365789866
1030.8208425045013,310.2841499532258,44272,-0.12389995322575942,-36.40951660805496
1031.902595758438,310.2841499532258,44405,-0.12389995322575942,-36.543545785619536
1032.9848170280457,310.2841499532258,44539,-0.12389995322575942,-36.67763295030383
1034.066169977188,310.35332867618934,49279,-0.19307867618931596,-36.88641914621767
1035.14670586586,310.35332867618934,49487,-0.19307867618931596,-37.09504758517748
1036.228348016739,310.35332867618934,49694,-0.19307867618931596,-37.303889619779746
1037.3098595142365,310.35332867618934,49901,-0.19307867618931596,-37.5127064280001
1038.3914830684662,310.35332867618934,50109,-0.19307867618931596,-37.72154487198596
1039.473040342331,310.35332867618934,50316,-0.19307867618931596,-37.93037051864669
1040.5542538166046,310.35332867618934,50523,-0.19307867618931596,-38.1391297849375
1041.6355001926422,310.2841499532258,46123,-0.12389995322575942,-38.27309616035408
1042.7168180942535,310.2841499532258,46256,-0.12389995322575942,-38.4070713977859
1043.7981958389282,310.2841499532258,46389,-0.12389995322575942,-38.541054049770466
1044.8786804676056,310.21504348298504,38269,0.0,-38.541054049770466
1045.9598488807678,310.21504348298504,38269,0.0,-38.541054049770466
1047.0411412715912,310.1460089218649,38269,0.0,-38.541054049770466
1048.1225996017456,310.0770459277319,32727,0.08320407226813131,-38.45107231271332
1049.2043063640594,310.0770459277319,32638,0.08320407226813131,-38.36106990508883
1050.286400794983,310.0081541599106,27959,0.1520958400894301,-38.196487843561435
1051.367593050003,310.0081541599106,27796,0.1520958400894301,-38.03204299923596
1052.4495322704315,310.0081541599106,27633,0.1520958400894301,-37.86748454457919
1053.5310950279236,310.0081541599106,27469,0.1520958400894301,-37.702983348368996
1054.6121773719788,309.9393332791728,22722,0.22091672082723335,-37.464154181976106
1055.692586183548,309.9393332791728,22485,0.22091672082723335,-37.22547381017139
1056.7742183208466,309.9393332791728,22248,0.22091672082723335,-36.98652318525803
1057.8550617694855,310.0081541599106,26595,0.1520958400894301,-36.822131392932135
1058.936503648758,310.0081541599106,26431,0.1520958400894301,-36.6576485817963
1060.0176920890808,310.0081541599106,26268,0.1520958400894301,-36.49320431767041
1061.0988912582397,310.0081541599106,26105,0.1520958400894301,-36.32875842173319
1062.1802444458008,310.0081541599106,25941,0.1520958400894301,-36.16428910023771
1063.262676000595,310.0770459277319,30367,0.08320407226813131,-36.0742263869273
1064.3435583114624,310.0770459277319,30277,0.08320407226813131,-35.984292577020554
1065.4248507022858,310.0770459277319,30188,0.08320407226813131,-35.8943246467915
1066.5061008930206,310.1460089218649,35641,0.0,-35.8943246467915
1067.5874660015106,310.1460089218649,35641,0.0,-35.8943246467915
1068.6686685085297,310.1460089218649,35641,0.0,-35.8943246467915
1069.7502090930939,310.21504348298504,35641,0.0,-35.8943246467915
1070.831199169159,310.21504348298504,35641,0.0,-35.8943246467915
1071.9123623371124,310.2841499532258,43894,-0.12389995322575942,-36.02828071273036
1072.9934265613556,310.2841499532258,44027,-0.12389995322575942,-36.162224519548126
1074.0746986865997,310.2841499532258,44160,-0.12389995322575942,-36.29619408529019
1075.1561241149902,310.35332867618934,48901,-0.19307867618931596,-36.504994275401295
1076.2372162342072,310.35332867618934,49108,-0.19307867618931596,-36.7137301106184
1077.31764626503,310.35332867618934,49315,-0.19307867618931596,-36.92233811068484
1078.3986752033234,310.35332867618934,49522,-0.19307867618931596,-37.131061747012886
1079.4801259040833,310.35332867618934,49730,-0.19307867618931596,-37.33986681667961
1080.5608716011047,310.35332867618934,49937,-0.19307867618931596,-37.548535765157816
1081.6422193050385,310.35332867618934,50144,-0.19307867618931596,-37.75732094833369
1082.7231328487396,310.35332867618934,50351,-0.19307867618931596,-37.966022304426616
1083.8043851852417,310.2841499532258,45951,-0.12389995322575942,-38.099989418344464
1084.8860876560211,310.2841499532258,46084,-0.12389995322575942,-38.234012303878224
1085.9671869277954,310.21504348298504,37964,0.0,-38.234012303878224
1087.0482466220856,310.21504348298504,37964,0.0,-38.234012303878224
1088.1297795772552,310.1460089218649,37964,0.0,-38.234012303878224
1089.2105460166931,310.0770459277319,32422,0.08320407226813131,-38.144088134946266
1090.2918906211853,310.0770459277319,32333,0.08320407226813131,-38.05411586032734
1091.3734245300293,310.0770459277319,32243,0.08320407226813131,-37.96412783481545
1092.4556279182434,310.0081541599106,27565,0.1520958400894301,-37.7995292013374
1093.5367889404297,310.0081541599106,27402,0.1520958400894301,-37.635089107396034
1094.6179718971252,310.0081541599106,27239,0.1520958400894301,-37.47064567730705
1095.699467420578,310.0081541599106,27075,0.1520958400894301,-37.306154707114544
1096.7813229560852,310.0081541599106,26912,0.1520958400894301,-37.14160898058618
1097.862823009491,310.0081541599106,26748,0.1520958400894301,-36.977117321406666
1098.9440259933472,310.0081541599106,26585,0.1520958400894301,-36.81267084526986
1100.0251853466034,310.0081541599106,26422,0.1520958400894301,-36.648231005165805
1101.1064999103546,310.0081541599106,26259,0.1520958400894301,-36.483767558191126
1102.1877026557922,310.0770459277319,30684,0.08320407226813131,-36.39380708682323
1103.2691061496735,310.0770459277319,30595,0.08320407226813131,-36.30382991236733
1104.35005235672,310.0770459277319,30505,0.08320407226813131,-36.21389078603827
1105.4314498901367,310.1460089218649,35958,0.0,-36.21389078603827
1106.5126202106476,310.1460089218649,35958,0.0,-36.21389078603827
1107.5939962863922,310.1460089218649,35958,0.0,-36.21389078603827
1108.6755805015564,310.21504348298504,35958,0.0,-36.21389078603827
1109.7564222812653,310.21504348298504,35958,0.0,-36.21389078603827
1110.8380134105682,310.21504348298504,35958,0.0,-36.21389078603827
1111.9193472862244,310.2841499532258,44211,-0.12389995322575942,-36.34786800265349
1113.001418352127,310.2841499532258,44344,-0.12389995322575942,-36.48193655710578
1114.0828521251678,310.35332867618934,49085,-0.19307867618931596,-36.69073835839091
1115.1640145778656,310.35332867618934,49292,-0.19307867618931596,-36.89948777350339
1116.2454516887665,310.35332867618934,49500,-0.19307867618931596,-37.10829021925813
1117.32741522789,310.35332867618934,49707,-0.19307867618931596,-37.31719430707721
1118.4088199138641,310.35332867618934,49915,-0.19307867618931596,-37.52599049227001
1119.4899232387543,310.35332867618934,50122,-0.19307867618931596,-37.73472849106367
1120.5712623596191,310.35332867618934,50329,-0.19307867618931596,-37.94351201703198
1121.653150320053,310.35332867618934,50537,-0.19307867618931596,-38.15240151221773
1122.7335624694824,310.35332867618934,50744,-0.19307867618931596,-38.36100605976839
1123.8156509399414,310.2841499532258,46343,-0.12389995322575942,-38.495076770644395
1124.8970155715942,310.2841499532258,46476,-0.12389995322575942,-38.62905779792617
1125.9780008792877,310.21504348298504,38356,0.0,-38.62905779792617
1127.0591876506805,310.21504348298504,38356,0.0,-38.62905779792617
1128.1403563022614,310.1460089218649,38356,0.0,-38.62905779792617
1129.221577167511,310.0770459277319,32814,0.08320407226813131,-38.53909581891613
1130.3028979301453,310.0770459277319,32725,0.08320407226813131,-38.44912552803688
1131.3835966587067,310.0770459277319,32636,0.08320407226813131,-38.35920699292558
1132.4650492668152,310.0081541599106,27958,0.1520958400894301,-38.19472254997841
1133.5462591648102,310.0081541599106,27794,0.1520958400894301,-38.03027502222985
1134.6282031536102,310.0081541599106,27631,0.1520958400894301,-37.865715842323596
1135.7089121341705,310.0081541599106,27468,0.1520958400894301,-37.70134450203309
1136.790381193161,310.0081541599106,27304,0.1520958400894301,-37.53685755697521
1137.8716223239899,310.0081541599106,27141,0.1520958400894301,-37.37240527884255
1138.9530036449432,310.0081541599106,26978,0.1520958400894301,-37.20793167837513
1140.0341067314148,310.0081541599106,26814,0.1520958400894301,-37.04350039621497
1141.1152222156525,310.0081541599106,26651,0.1520958400894301,-36.87906722840615
1142.1968626976013,310.0081541599106,26488,0.1520958400894301,-36.7145542106294
1143.2779664993286,310.0770459277319,30913,0.08320407226813131,-36.62460197178113
1144.3589506149292,310.0770459277319,30824,0.08320407226813131,-36.534659691306
1145.4402577877045,310.0770459277319,30735,0.08320407226813131,-36.44469053115836
1146.5215985774994,310.0770459277319,30645,0.08320407226813131,-36.35471857393778
1147.6033582687378,310.1460089218649,36098,0.0,-36.35471857393778
1148.6845450401306,310.1460089218649,36098,0.0,-36.35471857393778
1149.7657725811005,310.1460089218649,36098,0.0,-36.35471857393778
1150.8472454547882,310.21504348298504,36098,0.0,-36.35471857393778
1151.9293637275696,310.21504348298504,36098,0.0,-36.35471857393778
1153.010503768921,310.2841499532258,44351,-0.12389995322575942,-36.488671774491706
1154.091713666916,310.2841499532258,44484,-0.12389995322575942,-36.62263363028051
1155.1730983257294,310.2841499532258,44617,-0.12389995322575942,-36.75661713892656
1156.2537217140198,310.35332867618934,49358,-0.19307867618931596,-36.96526247219688
1157.3342938423157,310.35332867618934,49565,-0.19307867618931596,-37.17389790825533
1158.4158980846405,310.35332867618934,49772,-0.19307867618931596,-37.382732623524156
1159.4959816932678,310.35332867618934,49979,-0.19307867618931596,-37.5912737368517
1160.5768592357635,310.35332867618934,50187,-0.19307867618931596,-37.79996814187953
1161.6579728126526,310.35332867618934,50394,-0.19307867618931596,-38.008708120115564
1162.7387919425964,310.35332867618934,50601,-0.19307867618931596,-38.21739124692521
1163.8204305171967,310.35332867618934,50808,-0.19307867618931596,-38.426232591024316
1164.9026358127594,310.2841499532258,46408,-0.12389995322575942,-38.56031777652521
1165.9845073223114,310.2841499532258,46541,-0.12389995322575942,-38.69436160595498
1167.0657460689545,310.21504348298504,38421,0.0,-38.69436160595498
1168.1470193862915,310.21504348298504,38421,0.0,-38.69436160595498
1169.2281181812286,310.1460089218649,38421,0.0,-38.69436160595498
1170.3093357086182,310.1460089218649,38421,0.0,-38.69436160595498
1171.3906526565552,310.0770459277319,32879,0.08320407226813131,-38.604391632474076
1172.4726784229279,310.0770459277319,32790,0.08320407226813131,-38.51436268241282
1173.5535039901733,310.0770459277319,32700,0.08320407226813131,-38.424433593806484
1174.6348011493683,310.0081541599106,28022,0.1520958400894301,-38.25997279399241
1175.716296195984,310.0081541599106,27859,0.1520958400894301,-38.095481896324856
1176.798371553421,310.0081541599106,27696,0.1520958400894301,-37.930902735795385
1177.8797116279602,310.0081541599106,27532,0.1520958400894301,-37.76643540873598
1178.960899591446,310.0081541599106,27369,0.1520958400894301,-37.60199121713504
1180.0420422554016,310.0081541599106,27206,0.1520958400894301,-37.43755391540417
1181.1234376430511,310.0081541599106,27042,0.1520958400894301,-37.273078175450784
1182.2046945095062,310.0081541599106,26879,0.1520958400894301,-37.108623503994835
1183.2859573364258,310.0770459277319,31305,0.08320407226813131,-37.018658033602975
1184.3671684265137,310.0770459277319,31215,0.08320407226813131,-36.9286968679262
1185.4497113227844,310.0770459277319,31126,0.08320407226813131,-36.838624890551536
1186.5304815769196,310.0770459277319,31037,0.08320407226813131,-36.74870040422123
1187.6118304729462,310.1460089218649,36489,0.0,-36.74870040422123
1188.6933126449585,310.1460089218649,36489,0.0,-36.74870040422123
1189.7753655910492,310.1460089218649,36489,0.0,-36.74870040422123
1190.856576681137,310.21504348298504,36489,0.0,-36.74870040422123
1191.9382376670837,310.21504348298504,36489,0.0,-36.74870040422123
1193.0199077129364,310.21504348298504,36489,0.0,-36.74870040422123
1194.1012609004974,310.2841499532258,44742,-0.12389995322575942,-36.88268001358057
1195.1825983524323,310.2841499532258,44875,-0.12389995322575942,-37.01665767329656
1196.2638366222382,310.35332867618934,49616,-0.19307867618931596,-37.22542172707591
1197.34534573555,310.35332867618934,49823,-0.19307867618931596,-37.43423807496083
1198.427447795868,310.35332867618934,50031,-0.19307867618931596,-37.64316890826876
1199.5084795951843,310.35332867618934,50238,-0.19307867618931596,-37.851893096999326
1200.589438676834,310.35332867618934,50445,-0.19307867618931596,-38.06060324549909
1201.6710538864136,310.35332867618934,50653,-0.19307867618931596,-38.26944007831092
1202.752278804779,310.35332867618934,50860,-0.19307867618931596,-38.47820155421183
1203.8337001800537,310.35332867618934,51067,-0.19307867618931596,-38.68700096175269
1204.9146361351013,310.2841499532258,46667,-0.12389995322575942,-38.820928876023125
1205.9960751533508,310.2841499532258,46800,-0.12389995322575942,-38.95491911980075
1207.0774562358856,310.21504348298504,38680,0.0,-38.95491911980075
1208.1583893299103,310.21504348298504,38680,0.0,-38.95491911980075
1209.2396495342255,310.1460089218649,38680,0.0,-38.95491911980075
1210.3212084770203,310.1460089218649,38680,0.0,-38.95491911980075
1211.4032621383667,310.0770459277319,33138,0.08320407226813131,-38.864887848764084
1212.4845304489136,310.0770459277319,33048,0.08320407226813131,-38.7749219221121
1213.5657842159271,310.0081541599106,28370,0.1520958400894301,-38.610467722068314
1214.6467990875244,310.0081541599106,28207,0.1520958400894301,-38.44604985702356
1215.7273569107056,310.0081541599106,28044,0.1520958400894301,-38.28170150714162
1216.808926820755,310.0081541599106,27881,0.1520958400894301,-38.1171992230572
1217.8901546001434,310.0081541599106,27717,0.1520958400894301,-37.95274897562309
1218.9726614952087,310.0081541599106,27554,0.1520958400894301,-37.78810418001553
1220.0535519123077,310.0081541599106,27391,0.1520958400894301,-37.62370524398224
1221.1345663070679,310.0081541599106,27227,0.1520958400894301,-37.45928745146244
1222.216332435608,310.0081541599106,27064,0.1520958400894301,-37.29475532336185
1223.2978737354279,310.0081541599106,26901,0.1520958400894301,-37.13025739077432
1224.3784983158112,310.0770459277319,31326,0.08320407226813131,-37.04034502509339
1225.4601986408234,310.0770459277319,31237,0.08320407226813131,-36.95034315307861
1226.5422637462616,310.0770459277319,31147,0.08320407226813131,-36.86031092984691
1227.6239519119263,310.0770459277319,31058,0.08320407226813131,-36.77031006953936
1228.7051165103912,310.1460089218649,36511,0.0,-36.77031006953936
1229.7864353656769,310.1460089218649,36511,0.0,-36.77031006953936
1230.8677411079407,310.1460089218649,36511,0.0,-36.77031006953936
1231.9489574432373,310.21504348298504,36511,0.0,-36.77031006953936
1233.0297434329987,310.21504348298504,36511,0.0,-36.77031006953936
1234.1107959747314,310.2841499532258,44764,-0.12389995322575942,-36.904252428894644
1235.1923654079437,310.2841499532258,44897,-0.12389995322575942,-37.03825883108006
1236.2742791175842,310.2841499532258,45030,-0.12389995322575942,-37.172307889098825
1237.3558192253113,310.35332867618934,49771,-0.19307867618931596,-37.381130221344414
1238.437548160553,310.35332867618934,49978,-0.19307867618931596,-37.58998901215656
1239.5186586380005,310.35332867618934,50185,-0.19307867618931596,-37.79872839195652
1240.6002020835876,310.35332867618934,50393,-0.19307867618931596,-38.00755136867172
1241.6813793182373,310.35332867618934,50600,-0.19307867618931596,-38.2163036378639
1242.7628698349,310.35332867618934,50807,-0.19307867618931596,-38.42511639513241
1243.844267129898,310.35332867618934,51015,-0.19307867618931596,-38.63391115328537
1244.9264204502106,310.2841499532258,46614,-0.12389995322575942,-38.76798989905519
1246.008395910263,310.2841499532258,46747,-0.12389995322575942,-38.90204660794711
1247.090515613556,310.21504348298504,38627,0.0,-38.90204660794711
1248.1715779304504,310.21504348298504,38627,0.0,-38.90204660794711
1249.2528669834137,310.1460089218649,38627,0.0,-38.90204660794711
1250.3338561058044,310.1460089218649,38627,0.0,-38.90204660794711
1251.4147980213165,310.0770459277319,33085,0.08320407226813131,-38.81210783869119
1252.4960768222809,310.0770459277319,32996,0.08320407226813131,-38.72214103919375
1253.5776145458221,310.0081541599106,28318,0.1520958400894301,-38.55764365054333
1254.6584432125092,310.0081541599106,28155,0.1520958400894301,-38.393254106490836
1255.7400805950165,310.0081541599106,27991,0.1520958400894301,-38.22874156012625
1256.8208706378937,310.0081541599106,27828,0.1520958400894301,-38.06435789059455
1257.9023714065552,310.0081541599106,27665,0.1520958400894301,-37.899866122627614
1258.983692407608,310.0081541599106,27501,0.1520958400894301,-37.735401696566136
1260.064734697342,310.0081541599106,27338,0.1520958400894301,-37.57097966133686
1261.1459922790527,310.0081541599106,27175,0.1520958400894301,-37.40652488109348
1262.2272109985352,310.0081541599106,27012,0.1520958400894301,-37.24207601163339
1263.3085842132568,310.0081541599106,26848,0.1520958400894301,-37.07760364409008
1264.3898675441742,310.0081541599106,26685,0.1520958400894301,-36.91314494749951
1265.471025943756,310.0770459277319,31110,0.08320407226813131,-36.8231881658874
1266.5523386001587,310.0770459277319,31021,0.08320407226813131,-36.73321854947964
1267.6334760189056,310.0770459277319,30932,0.08320407226813131,-36.64326351355844
1268.7152769565582,310.1460089218649,36385,0.0,-36.64326351355844
1269.7971823215485,310.1460089218649,36385,0.0,-36.64326351355844
1270.8793437480927,310.1460089218649,36385,0.0,-36.64326351355844
1271.9605009555817,310.21504348298504,36385,0.0,-36.64326351355844
1273.0418176651,310.21504348298504,36385,0.0,-36.64326351355844
1274.1232957839966,310.2841499532258,44637,-0.12389995322575942,-36.77725860190439
1275.2052493095398,310.2841499532258,44771,-0.12389995322575942,-36.911312593111646
1276.2865045070648,310.2841499532258,44904,-0.12389995322575942,-37.045280061510105
1277.3678641319275,310.35332867618934,49645,-0.19307867618931596,-37.25406754636317
1278.4492301940918,310.35332867618934,49852,-0.19307867618931596,-37.462856274121904
1279.5306704044342,310.35332867618934,50059,-0.19307867618931596,-37.67165931831271
1280.6122117042542,310.35332867618934,50267,-0.19307867618931596,-37.88048188072602
1281.694022655487,310.35332867618934,50474,-0.19307867618931596,-38.08935650707718
1282.7752692699432,310.35332867618934,50681,-0.19307867618931596,-38.29812217203055
1283.8564720153809,310.2841499532258,46281,-0.12389995322575942,-38.43208314161784
1284.9378371238708,310.2841499532258,46414,-0.12389995322575942,-38.566064227979716
1286.0186636447906,310.2841499532258,46547,-0.12389995322575942,-38.69997858336684
1287.1000623703003,310.21504348298504,38427,0.0,-38.69997858336684
1288.1804032325745,310.21504348298504,38427,0.0,-38.69997858336684
1289.2617297172546,310.1460089218649,38427,0.0,-38.69997858336684
1290.3433649539948,310.1460089218649,38427,0.0,-38.69997858336684
1291.425725221634,310.0770459277319,32885,0.08320407226813131,-38.60992180143804
1292.5061123371124,310.0770459277319,32795,0.08320407226813131,-38.520029193804206
1293.5877840518951,310.0081541599106,28117,0.1520958400894301,-38.35551142564336
1294.6690328121185,310.0081541599106,27954,0.1520958400894301,-38.19105798711153
1295.749763250351,310.0081541599106,27791,0.1520958400894301,-38.026683383198346
1296.8310754299164,310.0081541599106,27627,0.1520958400894301,-37.862220298848406
1297.9124629497528,310.0081541599106,27464,0.1520958400894301,-37.69774575555666
1298.993525505066,310.0081541599106,27301,0.1520958400894301,-37.53332063801709
1300.0752773284912,310.0081541599106,27137,0.1520958400894301,-37.36879068566495
1301.156928062439,310.0081541599106,26974,0.1520958400894301,-37.20427610860182
1302.23770737648,310.0081541599106,26811,0.1520958400894301,-37.03989407088145
1303.3192620277405,310.0770459277319,31236,0.08320407226813131,-36.94990431951605
1304.4014682769775,310.0770459277319,31147,0.08320407226813131,-36.85986035254551
1305.4824120998383,310.0770459277319,31058,0.08320407226813131,-36.769921424590414
1306.5639169216156,310.0770459277319,30968,0.08320407226813131,-36.67993581924092
1307.6447620391846,310.1460089218649,36421,0.0,-36.67993581924092
1308.7255873680115,310.1460089218649,36421,0.0,-36.67993581924092
1309.8067789077759,310.21504348298504,36421,0.0,-36.67993581924092
1310.8878765106201,310.21504348298504,36421,0.0,-36.67993581924092
1311.9693129062653,310.21504348298504,36421,0.0,-36.67993581924092
1313.0508790016174,310.21504348298504,36421,0.0,-36.67993581924092
1314.1318759918213,310.2841499532258,44674,-0.12389995322575942,-36.813871295764365
1315.2131671905518,310.2841499532258,44807,-0.12389995322575942,-36.947843224710496
1316.2950160503387,310.35332867618934,49548,-0.19307867618931596,-37.15672517039509
1317.3753969669342,310.35332867618934,49755,-0.19307867618931596,-37.365323687551545
1318.456753730774,310.35332867618934,49962,-0.19307867618931596,-37.57411062000208
1319.5382499694824,310.35332867618934,50170,-0.19307867618931596,-37.78292448207564
1320.6201691627502,310.35332867618934,50377,-0.19307867618931596,-37.991820007655605
1321.7013549804688,310.35332867618934,50584,-0.19307867618931596,-38.200573934055356
1322.782871246338,310.35332867618934,50792,-0.19307867618931596,-38.40939166294658
1323.864006280899,310.35332867618934,50999,-0.19307867618931596,-38.61813578420154
1324.9451937675476,310.35332867618934,51206,-0.19307867618931596,-38.8268900328361
1326.0265491008759,310.2841499532258,46806,-0.12389995322575942,-38.96086990805589
1327.107769727707,310.2841499532258,46939,-0.12389995322575942,-39.09483309314698
1328.188971042633,310.21504348298504,38819,0.0,-39.09483309314698
1329.2703866958618,310.1460089218649,38819,0.0,-39.09483309314698
1330.3512468338013,310.1460089218649,38819,0.0,-39.09483309314698
1331.432623386383,310.0770459277319,33277,0.08320407226813131,-39.00485816031691
1332.5141410827637,310.0770459277319,33187,0.08320407226813131,-38.914871483747994
1333.5962135791779,310.0081541599106,28509,0.1520958400894301,-38.75029275836821
1334.6773176193237,310.0081541599106,28346,0.1520958400894301,-38.58586133115815
1335.7584204673767,310.0081541599106,28183,0.1520958400894301,-38.421430085260454
1336.839762687683,309.9393332791728,23435,0.22091672082723335,-38.18254350785833
1337.9209752082825,309.9393332791728,23198,0.22091672082723335,-37.94368558329017
1339.0014634132385,309.9393332791728,22961,0.22091672082723335,-37.70498767215877
1340.082543373108,309.9393332791728,22724,0.22091672082723335,-37.46615903247239
1341.1638889312744,309.9393332791728,22487,0.22091672082723335,-37.227271717681155
1342.2450578212738,310.0081541599106,26834,0.1520958400894301,-37.06283042707814
1343.3272621631622,310.0081541599106,26670,0.1520958400894301,-36.898231648550194
1344.4088337421417,310.0081541599106,26507,0.1520958400894301,-36.73372911062846
1345.4896771907806,310.0081541599106,26344,0.1520958400894301,-36.569337318302566
1346.5704057216644,310.0081541599106,26180,0.1520958400894301,-36.40496300448918
1347.6519763469696,310.0770459277319,30606,0.08320407226813131,-36.3149719240182
1348.733125448227,310.0770459277319,30517,0.08320407226813131,-36.225015916064564
1349.8153414726257,310.0770459277319,30427,0.08320407226813131,-36.13497113576076
1350.8968341350555,310.1460089218649,35880,0.0,-36.13497113576076
1351.977522611618,310.1460089218649,35880,0.0,-36.13497113576076
1353.059041261673,310.21504348298504,35880,0.0,-36.13497113576076
1354.141527414322,310.21504348298504,35880,0.0,-36.13497113576076
1355.2226803302765,310.21504348298504,35880,0.0,-36.13497113576076
1356.3036448955536,310.2841499532258,44133,-0.12389995322575942,-36.26890259483729
1357.3848235607147,310.2841499532258,44266,-0.12389995322575942,-36.40286058087945
1358.4660460948944,310.35332867618934,49007,-0.19307867618931596,-36.61162159644492
1359.5463526248932,310.35332867618934,49214,-0.19307867618931596,-36.82020575113576
1360.627809047699,310.35332867618934,49421,-0.19307867618931596,-37.029011925607534
1361.7089023590088,310.35332867618934,49628,-0.19307867618931596,-37.23774799099236
1362.789947271347,310.35332867618934,49836,-0.19307867618931596,-37.446474711567824
1363.87100815773,310.35332867618934,50043,-0.19307867618931596,-37.65520451639071
1364.9533684253693,310.35332867618934,50250,-0.19307867618931596,-37.86418520402639
1366.034316778183,310.35332867618934,50458,-0.19307867618931596,-38.07289328101669
1367.1156568527222,310.35332867618934,50665,-0.19307867618931596,-38.28167699111917
1368.1964979171753,310.2841499532258,46264,-0.12389995322575942,-38.41559314844939
1369.277515411377,310.2841499532258,46397,-0.12389995322575942,-38.5495311654172
1370.3587594032288,310.21504348298504,38277,0.0,-38.5495311654172
1371.4401290416718,310.1460089218649,38277,0.0,-38.5495311654172
1372.5214610099792,310.1460089218649,38277,0.0,-38.5495311654172
1373.602863073349,310.0770459277319,32735,0.08320407226813131,-38.459554109985675
1374.6837713718414,310.0770459277319,32646,0.08320407226813131,-38.36961813780269
1375.7650644779205,310.0081541599106,27968,0.1520958400894301,-38.20515795445068
1376.8464667797089,310.0081541599106,27805,0.1520958400894301,-38.040681162885534
1377.9276142120361,310.0081541599106,27641,0.1520958400894301,-37.876243135905185
1379.0088684558868,310.0081541599106,27478,0.1520958400894301,-37.71178886333645
1380.0901508331299,310.0081541599106,27315,0.1520958400894301,-37.547330311795776
1381.1720180511475,310.0081541599106,27151,0.1520958400894301,-37.382782808406176
1382.2523753643036,310.0081541599106,26988,0.1520958400894301,-37.218464955264935
1383.3338720798492,310.0081541599106,26825,0.1520958400894301,-37.05397380376006
1384.4151213169098,310.0081541599106,26662,0.1520958400894301,-36.88952029270328
1385.4975514411926,310.0081541599106,26498,0.1520958400894301,-36.72488717361238
1386.5786385536194,310.0081541599106,26335,0.1520958400894301,-36.56045832103798
1387.6597204208374,310.0770459277319,30760,0.08320407226813131,-36.4705079072302
1388.7412021160126,310.0770459277319,30671,0.08320407226813131,-36.380524226108186
1389.8231587409973,310.0770459277319,30582,0.08320407226813131,-36.290501028891974
1390.904569864273,310.0770459277319,30492,0.08320407226813131,-36.20052321963938
1391.986056804657,310.1460089218649,35945,0.0,-36.20052321963938
1393.0680627822876,310.1460089218649,35945,0.0,-36.20052321963938
1394.1505572795868,310.1460089218649,35945,0.0,-36.20052321963938
1395.231291294098,310.21504348298504,35945,0.0,-36.20052321963938
1396.312694311142,310.21504348298504,35945,0.0,-36.20052321963938
1397.3932123184204,310.21504348298504,35945,0.0,-36.20052321963938
